year,month,country,num_sources,num_articles,total_words
2010,1,AU,61,1176,696703
2010,1,BD,1,103,70654
2010,1,CA,176,3001,2168998
2010,1,GB,489,7781,5123134
2010,1,GH,3,76,83850
2010,1,HK,6,27,16721
2010,1,IE,31,493,317134
2010,1,IN,107,2894,1399313
2010,1,JM,3,399,252882
2010,1,KE,1,4,3662
2010,1,LK,11,151,96666
2010,1,MY,3,38,20505
2010,1,NG,9,78,92458
2010,1,NZ,30,441,221266
2010,1,PH,10,76,40458
2010,1,PK,6,67,34710
2010,1,SG,3,32,21266
2010,1,TZ,1,1,198
2010,1,US,1349,8646,6910038
2010,1,ZA,19,196,131593
2010,2,AU,68,1155,820391
2010,2,BD,1,95,68304
2010,2,CA,197,2970,2183666
2010,2,GB,477,7246,5016319
2010,2,GH,3,127,115239
2010,2,HK,4,13,10214
2010,2,IE,36,518,310524
2010,2,IN,115,3252,1643277
2010,2,JM,2,317,200806
2010,2,KE,2,2,2879
2010,2,LK,9,100,73796
2010,2,MY,5,26,12283
2010,2,NG,8,71,59558
2010,2,NZ,32,445,192431
2010,2,PH,10,78,47206
2010,2,PK,9,52,30081
2010,2,SG,6,26,19509
2010,2,TZ,1,1,201
2010,2,US,1280,8295,6739544
2010,2,ZA,16,254,196785
2010,3,AU,88,1426,913292
2010,3,BD,1,88,52158
2010,3,CA,210,3565,2564404
2010,3,GB,514,8114,5463401
2010,3,GH,3,150,136676
2010,3,HK,7,37,27519
2010,3,IE,34,639,389418
2010,3,IN,125,4040,1926284
2010,3,JM,2,354,242926
2010,3,KE,1,1,692
2010,3,LK,9,117,84435
2010,3,MY,7,49,59896
2010,3,NG,6,85,72737
2010,3,NZ,36,607,287461
2010,3,PH,8,78,42497
2010,3,PK,9,69,43101
2010,3,SG,5,61,38235
2010,3,TZ,1,1,339
2010,3,US,1330,8426,6958322
2010,3,ZA,25,336,222610
2010,4,AU,91,1293,849302
2010,4,BD,1,77,50619
2010,4,CA,219,3637,2726270
2010,4,GB,491,7569,5441551
2010,4,GH,2,167,158782
2010,4,HK,6,18,13820
2010,4,IE,35,571,359865
2010,4,IN,123,4043,2143593
2010,4,JM,2,392,261190
2010,4,KE,3,9,4001
2010,4,LK,8,111,71896
2010,4,MY,7,60,29048
2010,4,NG,6,67,50455
2010,4,NZ,36,649,325059
2010,4,PH,9,71,36900
2010,4,PK,11,222,125080
2010,4,SG,6,74,46652
2010,4,US,1277,7748,6405212
2010,4,ZA,25,386,259592
2010,5,AU,96,1264,773913
2010,5,BD,1,88,53464
2010,5,CA,208,3352,2542092
2010,5,GB,472,7675,5563428
2010,5,GH,4,191,184293
2010,5,HK,3,19,14010
2010,5,IE,33,515,324374
2010,5,IN,132,4288,2134949
2010,5,JM,2,376,256156
2010,5,KE,2,9,4833
2010,5,LK,10,113,75919
2010,5,MY,8,68,35046
2010,5,NG,9,84,76258
2010,5,NZ,40,602,285361
2010,5,PH,13,73,44892
2010,5,PK,10,322,206982
2010,5,SG,5,45,29295
2010,5,TZ,1,1,759
2010,5,US,1274,7985,6840323
2010,5,ZA,25,422,300145
2010,6,AU,99,1504,925890
2010,6,BD,1,95,59060
2010,6,CA,212,3759,2759064
2010,6,GB,501,8325,5928683
2010,6,GH,3,142,120248
2010,6,HK,6,27,22949
2010,6,IE,37,619,363245
2010,6,IN,139,4552,2300807
2010,6,JM,2,362,256308
2010,6,KE,3,7,4762
2010,6,LK,9,38,25344
2010,6,MY,7,100,59177
2010,6,NG,12,98,89926
2010,6,NZ,37,685,327622
2010,6,PH,10,80,48446
2010,6,PK,11,270,194248
2010,6,SG,7,63,42880
2010,6,TZ,1,2,495
2010,6,US,1316,8796,7221425
2010,6,ZA,27,450,329489
2010,7,AU,95,1416,917162
2010,7,BD,2,103,62044
2010,7,CA,214,3822,2660389
2010,7,GB,491,8084,5753040
2010,7,GH,2,161,136283
2010,7,HK,4,26,19808
2010,7,IE,35,671,390158
2010,7,IN,134,4987,2431862
2010,7,JM,3,395,256752
2010,7,KE,3,8,7095
2010,7,LK,10,42,21867
2010,7,MY,9,87,47352
2010,7,NG,14,117,82876
2010,7,NZ,40,655,290945
2010,7,PH,11,87,52813
2010,7,PK,12,349,255833
2010,7,SG,6,53,20833
2010,7,US,1302,8337,6884756
2010,7,ZA,26,614,449759
2010,8,AU,111,1605,972319
2010,8,BD,1,125,85311
2010,8,CA,207,3745,2730413
2010,8,GB,468,7608,5422083
2010,8,GH,2,164,133522
2010,8,HK,7,36,40099
2010,8,IE,39,693,441765
2010,8,IN,138,5121,2523031
2010,8,JM,2,410,260586
2010,8,KE,1,10,3162
2010,8,LK,12,86,71917
2010,8,MY,9,81,69159
2010,8,NG,11,114,99155
2010,8,NZ,39,760,348564
2010,8,PH,11,91,53142
2010,8,PK,10,326,237919
2010,8,SG,6,50,25375
2010,8,TZ,1,1,282
2010,8,US,1333,8910,7383911
2010,8,ZA,33,707,460728
2010,9,AU,112,1586,1008614
2010,9,BD,2,92,58685
2010,9,CA,256,4160,3040052
2010,9,GB,489,8135,5807549
2010,9,GH,3,184,153927
2010,9,HK,5,29,21195
2010,9,IE,42,743,453940
2010,9,IN,141,4530,2188152
2010,9,JM,2,386,241543
2010,9,KE,5,10,9792
2010,9,LK,12,56,39189
2010,9,MY,9,104,77731
2010,9,NG,13,203,173368
2010,9,NZ,42,757,371600
2010,9,PH,15,97,53685
2010,9,PK,14,284,229289
2010,9,SG,4,52,26613
2010,9,US,1429,8796,7314850
2010,9,ZA,32,736,490907
2010,10,AU,98,1474,956868
2010,10,BD,2,119,85834
2010,10,CA,239,4754,3341161
2010,10,GB,503,8213,5954533
2010,10,GH,2,160,148871
2010,10,HK,6,42,39517
2010,10,IE,42,836,500698
2010,10,IN,136,4590,2225292
2010,10,JM,2,420,287569
2010,10,KE,4,8,4072
2010,10,LK,8,72,51117
2010,10,MY,9,114,101489
2010,10,NG,15,324,273305
2010,10,NZ,37,845,396976
2010,10,PH,14,88,51176
2010,10,PK,15,313,236316
2010,10,SG,6,71,36732
2010,10,TZ,1,2,689
2010,10,US,1399,9049,7653933
2010,10,ZA,34,942,606924
2010,11,AU,100,1509,1048186
2010,11,BD,1,102,68743
2010,11,CA,236,4617,3273274
2010,11,GB,507,7841,5457013
2010,11,GH,2,191,166472
2010,11,HK,5,37,31765
2010,11,IE,42,929,512995
2010,11,IN,144,4583,2250409
2010,11,JM,3,366,256677
2010,11,KE,1,4,1068
2010,11,LK,11,70,54642
2010,11,MY,7,95,63813
2010,11,NG,14,304,269914
2010,11,NZ,36,770,349389
2010,11,PH,9,88,58001
2010,11,PK,19,366,285282
2010,11,SG,3,50,20573
2010,11,TZ,2,4,2531
2010,11,US,1345,8841,7283239
2010,11,ZA,37,969,710639
2010,12,AU,95,1323,863822
2010,12,BD,2,103,72829
2010,12,CA,245,3731,2670652
2010,12,GB,487,6229,4321740
2010,12,GH,2,143,136491
2010,12,HK,8,80,53008
2010,12,IE,36,746,432392
2010,12,IN,138,5083,2653363
2010,12,JM,3,408,251494
2010,12,KE,2,13,3730
2010,12,LK,12,80,68865
2010,12,MY,9,112,65917
2010,12,NG,15,296,287504
2010,12,NZ,39,725,326293
2010,12,PH,11,72,42714
2010,12,PK,21,397,292114
2010,12,SG,6,47,20209
2010,12,TZ,2,36,27589
2010,12,US,1332,8528,7157558
2010,12,ZA,33,648,467376
2011,1,AU,98,1506,931955
2011,1,BD,1,122,77151
2011,1,CA,254,4528,3196079
2011,1,GB,548,7986,5556805
2011,1,GH,2,139,117358
2011,1,HK,10,70,57307
2011,1,IE,41,986,585327
2011,1,IN,149,5324,2811460
2011,1,JM,2,404,287131
2011,1,KE,4,13,4952
2011,1,LK,13,185,158599
2011,1,MY,10,127,80662
2011,1,NG,14,328,292776
2011,1,NZ,40,788,359140
2011,1,PH,15,77,52367
2011,1,PK,17,392,290087
2011,1,SG,5,65,31830
2011,1,TZ,2,55,33285
2011,1,US,1453,9467,7749085
2011,1,ZA,33,981,578848
2011,2,AU,100,1464,1005653
2011,2,BD,3,118,75761
2011,2,CA,275,4628,3207265
2011,2,GB,513,7115,5101427
2011,2,GH,2,145,110806
2011,2,HK,8,44,41303
2011,2,IE,47,1020,564277
2011,2,IN,150,5280,2671996
2011,2,JM,2,372,261633
2011,2,KE,2,12,4569
2011,2,LK,8,107,85841
2011,2,MY,10,101,69933
2011,2,NG,16,330,299910
2011,2,NZ,40,835,379285
2011,2,PH,15,98,66107
2011,2,PK,18,345,271791
2011,2,SG,8,66,27082
2011,2,TZ,2,42,23901
2011,2,US,1373,8477,7120391
2011,2,ZA,33,1172,712349
2011,3,AU,114,1763,1149203
2011,3,BD,2,103,59706
2011,3,CA,291,5581,3760838
2011,3,GB,560,7669,5390398
2011,3,GH,3,181,168643
2011,3,HK,9,88,88152
2011,3,IE,50,1295,733876
2011,3,IN,155,5757,2977674
2011,3,JM,2,427,290643
2011,3,KE,9,24,11763
2011,3,LK,10,150,108525
2011,3,MY,12,124,76593
2011,3,NG,13,428,340747
2011,3,NZ,46,1105,503445
2011,3,PH,13,128,84073
2011,3,PK,20,377,269610
2011,3,SG,10,125,59549
2011,3,TZ,2,44,28666
2011,3,US,1335,8919,7543603
2011,3,ZA,40,1495,890571
2011,4,AU,120,1771,1182399
2011,4,BD,1,112,65550
2011,4,CA,300,5139,3579359
2011,4,GB,561,7175,5083739
2011,4,GH,2,131,118140
2011,4,HK,8,67,56817
2011,4,IE,53,1174,679387
2011,4,IN,146,5436,2920092
2011,4,JM,2,408,287975
2011,4,KE,4,11,4818
2011,4,LK,13,179,139320
2011,4,MY,9,116,72532
2011,4,NG,13,393,310707
2011,4,NZ,47,1066,494635
2011,4,PH,13,142,99240
2011,4,PK,21,389,293893
2011,4,SG,9,201,111089
2011,4,TZ,2,57,32381
2011,4,US,1344,8231,7038564
2011,4,ZA,40,1360,831018
2011,5,AU,127,2056,1346870
2011,5,BD,3,131,74689
2011,5,CA,299,5519,3749526
2011,5,GB,586,8114,5703420
2011,5,GH,2,129,131234
2011,5,HK,10,71,60036
2011,5,IE,49,1271,736606
2011,5,IN,143,5541,3096698
2011,5,JM,2,435,296052
2011,5,KE,6,16,10462
2011,5,LK,14,199,129154
2011,5,MY,11,109,60427
2011,5,NG,12,375,305817
2011,5,NZ,43,1129,541377
2011,5,PH,15,415,245454
2011,5,PK,18,415,347130
2011,5,SG,8,212,115349
2011,5,TZ,2,68,39232
2011,5,US,1407,8695,7445887
2011,5,ZA,42,1523,952664
2011,6,AU,124,2032,1388299
2011,6,BD,1,107,61126
2011,6,CA,312,6198,4291487
2011,6,GB,569,7810,5550244
2011,6,GH,2,171,144875
2011,6,HK,9,50,46334
2011,6,IE,51,1202,695063
2011,6,IN,139,5957,3374504
2011,6,JM,2,401,265768
2011,6,KE,6,17,8244
2011,6,LK,13,172,105409
2011,6,MY,10,120,73539
2011,6,NG,16,370,323281
2011,6,NZ,47,1044,501202
2011,6,PH,15,569,336496
2011,6,PK,18,483,415330
2011,6,SG,12,270,136052
2011,6,TZ,2,62,44939
2011,6,US,1428,8991,7679807
2011,6,ZA,46,1535,938470
2011,7,AU,125,2072,1322564
2011,7,BD,2,123,88857
2011,7,CA,322,6021,4015845
2011,7,GB,566,7680,5409670
2011,7,GH,2,148,130291
2011,7,HK,7,59,49868
2011,7,IE,49,1243,718428
2011,7,IN,145,6187,3568287
2011,7,JM,2,426,291900
2011,7,KE,6,23,21687
2011,7,LK,14,200,145760
2011,7,MY,11,98,61935
2011,7,NG,14,413,345924
2011,7,NZ,54,1044,515120
2011,7,PH,17,623,379653
2011,7,PK,18,505,397658
2011,7,SG,9,301,141352
2011,7,TZ,3,74,47368
2011,7,US,1332,8024,6910301
2011,7,ZA,45,1850,1143469
2011,8,AU,144,2241,1451638
2011,8,BD,1,115,75086
2011,8,CA,338,6511,4392160
2011,8,GB,569,7767,5395311
2011,8,GH,3,249,208168
2011,8,HK,11,59,52417
2011,8,IE,52,1296,778160
2011,8,IN,152,6113,3388372
2011,8,JM,2,400,248192
2011,8,KE,4,80,57248
2011,8,LK,11,185,131986
2011,8,MY,11,103,63920
2011,8,NG,15,434,372648
2011,8,NZ,56,1290,655464
2011,8,PH,19,741,437911
2011,8,PK,22,558,457922
2011,8,SG,15,343,160558
2011,8,TZ,2,78,47774
2011,8,US,1359,8696,7359766
2011,8,ZA,44,2066,1198858
2011,9,AU,139,2354,1563891
2011,9,BD,3,101,88349
2011,9,CA,347,7431,5152189
2011,9,GB,623,8415,5860191
2011,9,GH,3,177,141979
2011,9,HK,6,57,52172
2011,9,IE,50,1293,746699
2011,9,IN,140,6505,3588889
2011,9,JM,3,410,270444
2011,9,KE,8,59,49413
2011,9,LK,11,137,143737
2011,9,MY,10,115,66128
2011,9,NG,18,458,407969
2011,9,NZ,57,1177,571464
2011,9,PH,15,891,511838
2011,9,PK,21,651,454487
2011,9,SG,13,346,165950
2011,9,TZ,2,96,62373
2011,9,US,1396,8661,7430485
2011,9,ZA,46,2081,1166440
2011,10,AU,119,2271,1567123
2011,10,BD,2,119,92490
2011,10,CA,346,7311,5010564
2011,10,GB,557,7444,5232232
2011,10,GH,5,169,142817
2011,10,HK,9,48,43340
2011,10,IE,49,1266,773903
2011,10,IN,150,5809,3325420
2011,10,JM,2,411,285643
2011,10,KE,4,80,55068
2011,10,LK,9,248,195750
2011,10,MY,10,112,71460
2011,10,NG,13,551,482113
2011,10,NZ,56,1246,651642
2011,10,PH,15,777,423863
2011,10,PK,22,657,447234
2011,10,SG,13,250,119605
2011,10,TZ,3,82,44611
2011,10,US,1357,8218,7111808
2011,10,ZA,49,2044,1189249
2011,11,AU,122,1963,1405703
2011,11,BD,1,89,52998
2011,11,CA,354,7902,5340865
2011,11,GB,591,7232,4992952
2011,11,GH,5,178,117061
2011,11,HK,7,63,56442
2011,11,IE,48,1222,688063
2011,11,IN,153,5436,3086533
2011,11,JM,3,396,258002
2011,11,KE,7,109,68383
2011,11,LK,8,200,164284
2011,11,MY,11,188,102281
2011,11,NG,18,502,436559
2011,11,NZ,52,1171,646586
2011,11,PH,18,659,385849
2011,11,PK,21,504,319545
2011,11,SG,13,262,117062
2011,11,TZ,3,79,46584
2011,11,US,1380,8248,7216513
2011,11,ZA,48,2026,1161249
2011,12,AU,109,1430,946183
2011,12,BD,2,102,77751
2011,12,CA,349,7226,5116203
2011,12,GB,550,6399,4304822
2011,12,GH,4,172,144728
2011,12,HK,11,43,34095
2011,12,IE,45,977,537064
2011,12,IN,147,5310,3114683
2011,12,JM,2,373,225013
2011,12,KE,8,92,62652
2011,12,LK,10,189,144770
2011,12,MY,12,306,161892
2011,12,NG,17,530,477908
2011,12,NZ,54,1045,539630
2011,12,PH,16,559,338421
2011,12,PK,23,797,568846
2011,12,SG,17,305,125002
2011,12,TZ,2,93,58948
2011,12,US,1371,7931,6974627
2011,12,ZA,54,1563,950544
2012,1,AU,129,2023,1208059
2012,1,BD,2,157,95907
2012,1,CA,323,8175,5680115
2012,1,GB,631,8717,5887089
2012,1,GH,5,197,160815
2012,1,HK,9,51,42675
2012,1,IE,48,1419,769714
2012,1,IN,154,6072,3730135
2012,1,JM,2,402,259309
2012,1,KE,8,225,113638
2012,1,LK,9,238,192358
2012,1,MY,9,444,229158
2012,1,NG,18,452,420456
2012,1,NZ,52,1204,625821
2012,1,PH,14,591,342228
2012,1,PK,22,1086,758808
2012,1,SG,11,324,142219
2012,1,TZ,2,90,48039
2012,1,US,1446,8903,7799301
2012,1,ZA,53,2059,1303027
2012,2,AU,121,2157,1539287
2012,2,BD,2,149,88050
2012,2,CA,363,8114,5826306
2012,2,GB,606,7696,5295162
2012,2,GH,5,175,133553
2012,2,HK,8,50,44505
2012,2,IE,51,1402,807889
2012,2,IN,150,5556,3505760
2012,2,JM,2,384,254049
2012,2,KE,9,290,156686
2012,2,LK,9,165,137452
2012,2,MY,11,311,166210
2012,2,NG,16,520,462251
2012,2,NZ,52,1276,694671
2012,2,PH,17,706,418222
2012,2,PK,21,973,608827
2012,2,SG,12,355,144539
2012,2,TZ,2,84,50477
2012,2,US,1351,8471,7608165
2012,2,ZA,56,2239,1427469
2012,3,AU,141,2460,1778960
2012,3,BD,2,140,95138
2012,3,CA,359,8845,6419692
2012,3,GB,639,8412,5934436
2012,3,GH,6,214,157741
2012,3,HK,11,121,83036
2012,3,IE,54,1504,880720
2012,3,IN,158,5916,3453742
2012,3,JM,3,389,269461
2012,3,KE,6,298,143393
2012,3,LK,11,156,126097
2012,3,MY,12,405,267120
2012,3,NG,15,556,479115
2012,3,NZ,59,1510,799057
2012,3,PH,17,761,459674
2012,3,PK,24,981,604909
2012,3,SG,12,355,153033
2012,3,TZ,2,116,87836
2012,3,US,1326,8424,7627423
2012,3,ZA,56,2490,1593084
2012,4,AU,146,2579,1788576
2012,4,BD,3,145,107023
2012,4,CA,367,8603,5982758
2012,4,GB,593,8034,5568886
2012,4,GH,5,174,125584
2012,4,HK,8,47,31639
2012,4,IE,53,1395,791095
2012,4,IN,153,6169,3556551
2012,4,JM,2,408,283944
2012,4,KE,9,320,153400
2012,4,LK,8,115,136360
2012,4,MY,12,425,296214
2012,4,NG,16,592,570188
2012,4,NZ,58,1519,820292
2012,4,PH,19,792,488004
2012,4,PK,24,996,582734
2012,4,SG,14,381,156968
2012,4,TZ,2,96,69383
2012,4,US,1231,8072,7170835
2012,4,ZA,59,2394,1483531
2012,5,AU,160,2844,1900120
2012,5,BD,3,159,131053
2012,5,CA,381,10035,6919053
2012,5,GB,607,8844,6000952
2012,5,GH,5,211,155008
2012,5,HK,9,111,83733
2012,5,IE,56,1623,892082
2012,5,IN,164,6756,3837722
2012,5,JM,2,408,271172
2012,5,KE,9,381,184065
2012,5,LK,11,125,108304
2012,5,MY,11,457,303467
2012,5,NG,18,619,580214
2012,5,NZ,60,1720,924333
2012,5,PH,24,1072,606959
2012,5,PK,26,1062,680405
2012,5,SG,13,356,165116
2012,5,TZ,4,132,73634
2012,5,US,1347,9138,8113087
2012,5,ZA,60,2985,1872293
2012,6,AU,153,2709,1856282
2012,6,BD,2,141,100994
2012,6,CA,378,9186,6342908
2012,6,GB,565,7734,5218551
2012,6,GH,8,168,120193
2012,6,HK,10,68,61173
2012,6,IE,52,1627,872268
2012,6,IN,164,6065,3416549
2012,6,JM,2,401,258594
2012,6,KE,8,334,173155
2012,6,LK,10,113,83493
2012,6,MY,11,467,328434
2012,6,NG,17,515,430418
2012,6,NZ,60,1569,816107
2012,6,PH,22,1093,640071
2012,6,PK,24,1054,581331
2012,6,SG,16,410,168642
2012,6,TZ,4,112,68251
2012,6,US,1273,8064,7237943
2012,6,ZA,57,2884,1799258
2012,7,AU,148,3033,2057177
2012,7,BD,2,153,114511
2012,7,CA,383,8812,6087918
2012,7,GB,572,8026,5292469
2012,7,GH,5,144,86301
2012,7,HK,13,100,86163
2012,7,IE,59,1753,981349
2012,7,IN,156,6342,3527479
2012,7,JM,3,456,312353
2012,7,KE,7,384,183724
2012,7,LK,5,65,41035
2012,7,MY,13,348,235910
2012,7,NG,17,630,559660
2012,7,NZ,66,1805,944950
2012,7,PH,21,1098,610777
2012,7,PK,20,1118,686506
2012,7,SG,17,467,185868
2012,7,TZ,3,142,69044
2012,7,US,1266,8103,7389587
2012,7,ZA,56,2920,1835707
2012,8,AU,155,2968,1983351
2012,8,BD,2,126,86288
2012,8,CA,378,8837,5960032
2012,8,GB,601,7961,5297245
2012,8,GH,5,325,161722
2012,8,HK,11,81,66055
2012,8,IE,52,1687,955036
2012,8,IN,161,6063,3348880
2012,8,JM,3,422,282173
2012,8,KE,8,362,199490
2012,8,LK,9,119,73185
2012,8,MY,14,332,225263
2012,8,NG,20,666,584551
2012,8,NZ,59,1943,1040859
2012,8,PH,18,1081,602895
2012,8,PK,24,1049,641934
2012,8,SG,24,363,150454
2012,8,TZ,3,135,65894
2012,8,US,1299,8330,7804631
2012,8,ZA,61,3157,1949068
2012,9,AU,142,2770,1825425
2012,9,BD,4,165,100261
2012,9,CA,380,8796,6119736
2012,9,GB,596,7744,5239812
2012,9,GH,4,344,212942
2012,9,HK,9,72,58531
2012,9,IE,51,1444,815787
2012,9,IN,156,5762,3419623
2012,9,JM,3,427,298518
2012,9,KE,11,445,225916
2012,9,LK,12,81,66666
2012,9,MY,12,406,283488
2012,9,NG,15,665,586658
2012,9,NZ,55,1781,907833
2012,9,PH,21,1151,645861
2012,9,PK,22,1079,588487
2012,9,SG,22,333,133879
2012,9,TZ,4,154,81819
2012,9,US,1314,7887,7362194
2012,9,ZA,63,2687,1609132
2012,10,AU,162,3084,2111345
2012,10,BD,2,129,78821
2012,10,CA,383,8891,6260466
2012,10,GB,595,8100,5463006
2012,10,GH,5,390,235387
2012,10,HK,12,82,60642
2012,10,IE,54,1647,926968
2012,10,IN,159,6090,3561796
2012,10,JM,3,434,294264
2012,10,KE,14,661,336508
2012,10,LK,10,137,76620
2012,10,MY,12,516,327579
2012,10,NG,19,734,652102
2012,10,NZ,55,1700,890728
2012,10,PH,24,1137,641449
2012,10,PK,24,1094,647368
2012,10,SG,22,483,196692
2012,10,TZ,1,140,72473
2012,10,US,1318,8222,7690424
2012,10,ZA,62,3158,1977417
2012,11,AU,146,2757,1871478
2012,11,BD,5,144,83826
2012,11,CA,386,9833,6860938
2012,11,GB,628,8243,5597121
2012,11,GH,5,375,217454
2012,11,HK,11,69,56095
2012,11,IE,54,1725,981322
2012,11,IN,157,5311,3211458
2012,11,JM,4,402,257326
2012,11,KE,14,704,338593
2012,11,LK,10,74,51842
2012,11,MY,12,429,281028
2012,11,NG,20,739,665294
2012,11,NZ,58,1747,882622
2012,11,PH,21,1180,654854
2012,11,PK,21,875,553355
2012,11,SG,22,477,207595
2012,11,TZ,2,132,76142
2012,11,US,1276,7608,7251678
2012,11,ZA,63,2817,1723448
2012,12,AU,149,2236,1372329
2012,12,BD,5,156,145899
2012,12,CA,381,8087,5674767
2012,12,GB,576,6973,4800677
2012,12,GH,3,283,163473
2012,12,HK,10,67,55731
2012,12,IE,57,1474,807330
2012,12,IN,156,5579,3365381
2012,12,JM,3,442,313904
2012,12,KE,13,695,331972
2012,12,LK,9,58,40583
2012,12,MY,13,462,303762
2012,12,NG,23,702,634585
2012,12,NZ,51,1388,744176
2012,12,PH,25,996,563323
2012,12,PK,23,909,552059
2012,12,SG,18,353,146199
2012,12,TZ,2,145,91637
2012,12,US,1275,7862,7409449
2012,12,ZA,55,1909,1206595
2013,1,AU,150,3024,1886497
2013,1,BD,5,268,143315
2013,1,CA,314,8780,6172184
2013,1,GB,577,8758,5794781
2013,1,GH,6,365,201764
2013,1,HK,15,81,54910
2013,1,IE,53,2165,1156474
2013,1,IN,154,5910,3456278
2013,1,JM,3,411,282526
2013,1,KE,20,906,437635
2013,1,LK,12,112,67224
2013,1,MY,14,477,306117
2013,1,NG,23,794,664576
2013,1,NZ,37,1713,873596
2013,1,PH,20,1075,559983
2013,1,PK,22,906,527605
2013,1,SG,21,485,180825
2013,1,TZ,4,200,100098
2013,1,US,1279,8476,7759623
2013,1,ZA,55,2740,1731137
2013,2,AU,157,2813,1891991
2013,2,BD,6,253,152652
2013,2,CA,310,8481,6090952
2013,2,GB,569,7727,5155488
2013,2,GH,5,350,222736
2013,2,HK,13,71,47777
2013,2,IE,57,2246,1261782
2013,2,IN,150,5201,2938399
2013,2,JM,4,404,275350
2013,2,KE,16,676,336387
2013,2,LK,12,75,50600
2013,2,MY,14,446,288993
2013,2,NG,21,728,606391
2013,2,NZ,43,1486,775119
2013,2,PH,18,1081,600666
2013,2,PK,23,980,611987
2013,2,SG,21,486,192423
2013,2,TZ,4,176,108040
2013,2,US,1216,7499,6951969
2013,2,ZA,62,2897,1832649
2013,3,AU,175,3174,2145362
2013,3,BD,4,189,87301
2013,3,CA,350,8598,6295676
2013,3,GB,604,8537,5705707
2013,3,GH,5,391,235531
2013,3,HK,15,114,85731
2013,3,IE,59,3162,1784857
2013,3,IN,170,5561,3346974
2013,3,JM,3,414,281840
2013,3,KE,17,810,401419
2013,3,LK,12,113,53696
2013,3,MY,12,550,354516
2013,3,NG,22,809,683587
2013,3,NZ,53,1610,856495
2013,3,PH,23,1339,732450
2013,3,PK,25,924,534583
2013,3,SG,23,627,241172
2013,3,TZ,3,193,116371
2013,3,US,1383,8194,7693697
2013,3,ZA,71,3465,2207594
2013,4,AU,181,3644,2413602
2013,4,BD,7,200,109921
2013,4,CA,336,8159,5931773
2013,4,GB,544,7507,4967970
2013,4,GH,6,385,224849
2013,4,HK,14,104,76101
2013,4,IE,60,2831,1594763
2013,4,IN,174,5737,3289344
2013,4,JM,3,425,282043
2013,4,KE,15,857,417479
2013,4,LK,12,130,53074
2013,4,MY,16,445,278334
2013,4,NG,27,842,709314
2013,4,NZ,53,1802,973838
2013,4,PH,27,1511,848992
2013,4,PK,24,950,560135
2013,4,SG,27,731,271355
2013,4,TZ,2,211,114302
2013,4,US,1360,7571,6968856
2013,4,ZA,67,3654,2255815
2013,5,AU,178,4266,2782074
2013,5,BD,8,379,211688
2013,5,CA,354,9021,6459616
2013,5,GB,565,8324,5462046
2013,5,GH,5,400,207082
2013,5,HK,18,178,95371
2013,5,IE,67,3546,1984065
2013,5,IN,169,6307,3647892
2013,5,JM,3,429,296410
2013,5,KE,16,889,426177
2013,5,LK,10,121,46362
2013,5,MY,17,524,321931
2013,5,NG,26,950,743894
2013,5,NZ,55,1908,1013586
2013,5,PH,25,1501,841841
2013,5,PK,29,984,607598
2013,5,SG,25,895,332685
2013,5,TZ,4,227,123594
2013,5,US,1378,8361,7922476
2013,5,ZA,69,3938,2489875
2013,6,AU,175,3795,2542871
2013,6,BD,8,439,241941
2013,6,CA,349,7742,5599070
2013,6,GB,552,7040,4732415
2013,6,GH,8,420,227568
2013,6,HK,17,95,62350
2013,6,IE,66,3126,1743746
2013,6,IN,173,5172,3044083
2013,6,JM,4,442,297325
2013,6,KE,13,867,421786
2013,6,LK,11,151,82774
2013,6,MY,14,662,372731
2013,6,NG,26,921,717361
2013,6,NZ,54,1808,958017
2013,6,PH,28,1605,875603
2013,6,PK,26,910,588707
2013,6,SG,26,847,321347
2013,6,TZ,4,202,125337
2013,6,US,1275,7098,6640316
2013,6,ZA,61,3620,2317459
2013,7,AU,188,4101,2707332
2013,7,BD,6,540,287830
2013,7,CA,358,7314,5263281
2013,7,GB,548,7803,5000021
2013,7,GH,8,521,305409
2013,7,HK,18,136,87178
2013,7,IE,64,3391,1836425
2013,7,IN,163,5295,3158394
2013,7,JM,3,405,267184
2013,7,KE,16,924,422307
2013,7,LK,15,150,71744
2013,7,MY,19,811,467944
2013,7,NG,25,1037,838911
2013,7,NZ,51,1995,1038514
2013,7,PH,29,1871,1018725
2013,7,PK,26,960,609304
2013,7,SG,29,743,305800
2013,7,TZ,2,217,115668
2013,7,US,1237,6565,6199295
2013,7,ZA,67,3966,2482548
2013,8,AU,192,4255,2859515
2013,8,BD,6,522,313166
2013,8,CA,339,7860,5678057
2013,8,GB,483,8196,5371247
2013,8,GH,8,483,283129
2013,8,HK,17,136,98116
2013,8,IE,71,3993,2193010
2013,8,IN,172,5433,3226979
2013,8,JM,3,393,250328
2013,8,KE,15,752,333494
2013,8,LK,13,134,55472
2013,8,MY,17,954,574743
2013,8,NG,30,1038,855807
2013,8,NZ,60,1136,598671
2013,8,PH,29,1762,931207
2013,8,PK,23,944,574890
2013,8,SG,27,661,277091
2013,8,TZ,3,210,114827
2013,8,US,1332,7661,7198201
2013,8,ZA,67,4178,2636386
2013,9,AU,191,4404,3102195
2013,9,BD,7,526,313074
2013,9,CA,357,8691,6123885
2013,9,GB,502,7805,5144785
2013,9,GH,6,493,295426
2013,9,HK,17,163,108675
2013,9,IE,68,3758,2146211
2013,9,IN,170,5886,3531158
2013,9,JM,4,455,283447
2013,9,KE,16,699,301416
2013,9,LK,10,88,54366
2013,9,MY,16,957,595021
2013,9,NG,27,1016,819988
2013,9,NZ,60,1479,777235
2013,9,PH,31,1893,989933
2013,9,PK,21,902,572965
2013,9,SG,31,877,344369
2013,9,TZ,3,217,112251
2013,9,US,1325,7435,7078408
2013,9,ZA,74,4000,2507815
2013,10,AU,179,4217,3001341
2013,10,BD,7,505,305798
2013,10,CA,347,9295,6600912
2013,10,GB,451,7984,5348035
2013,10,GH,8,362,236824
2013,10,HK,21,135,88368
2013,10,IE,74,4664,2614836
2013,10,IN,172,5774,3398003
2013,10,JM,4,415,270928
2013,10,KE,12,686,292262
2013,10,LK,12,86,58650
2013,10,MY,18,976,574022
2013,10,NG,26,1103,791273
2013,10,NZ,54,1513,779741
2013,10,PH,26,2080,1097768
2013,10,PK,23,854,559876
2013,10,SG,30,963,393733
2013,10,TZ,2,221,125005
2013,10,US,1282,7319,6993526
2013,10,ZA,75,4699,2861569
2013,11,AU,173,4192,2961905
2013,11,BD,5,416,263045
2013,11,CA,361,8869,6314976
2013,11,GB,470,7802,5221754
2013,11,GH,9,311,185802
2013,11,HK,20,136,90211
2013,11,IE,76,4396,2465635
2013,11,IN,163,4416,2536673
2013,11,JM,5,438,282576
2013,11,KE,12,668,288344
2013,11,LK,11,89,66392
2013,11,MY,21,1002,596497
2013,11,NG,28,992,768612
2013,11,NZ,56,1445,756990
2013,11,PH,27,1895,1004959
2013,11,PK,21,817,550826
2013,11,SG,30,797,309366
2013,11,TZ,2,217,123971
2013,11,US,1215,6878,6483938
2013,11,ZA,77,4092,2465832
2013,12,AU,169,3744,2547997
2013,12,BD,6,401,254632
2013,12,CA,371,8768,6234556
2013,12,GB,477,7346,4947235
2013,12,GH,9,342,204579
2013,12,HK,15,109,68367
2013,12,IE,66,3690,2062291
2013,12,IN,167,5198,2922959
2013,12,JM,5,417,261693
2013,12,KE,11,582,250215
2013,12,LK,10,73,35745
2013,12,MY,20,991,612416
2013,12,NG,24,971,712529
2013,12,NZ,52,1231,620385
2013,12,PH,30,1969,1082447
2013,12,PK,27,1031,633950
2013,12,SG,36,771,335126
2013,12,TZ,3,193,109607
2013,12,US,1213,7181,7025882
2013,12,ZA,74,2979,1755368
2014,1,AU,157,4001,2706749
2014,1,BD,5,294,177399
2014,1,CA,341,9370,6518916
2014,1,GB,497,8770,5749539
2014,1,GH,10,382,223685
2014,1,HK,16,149,93051
2014,1,IE,71,4668,2576132
2014,1,IN,150,5098,2879866
2014,1,JM,5,462,289298
2014,1,KE,11,637,260526
2014,1,LK,12,91,90672
2014,1,MY,20,1079,655656
2014,1,NG,26,1021,809764
2014,1,NZ,40,1245,646748
2014,1,PH,25,2342,1229607
2014,1,PK,22,1166,784480
2014,1,SG,27,849,334532
2014,1,TZ,2,205,113174
2014,1,US,1215,8049,7492249
2014,1,ZA,72,2858,1631912
2014,2,AU,167,4046,2904751
2014,2,BD,5,183,96644
2014,2,CA,334,8768,6074483
2014,2,GB,485,7722,5092877
2014,2,GH,8,376,242704
2014,2,HK,15,138,87711
2014,2,IE,72,4362,2429768
2014,2,IN,154,5133,2889133
2014,2,JM,5,415,264926
2014,2,KE,12,648,259325
2014,2,LK,14,129,94677
2014,2,MY,23,954,554932
2014,2,NG,27,976,797155
2014,2,NZ,43,1380,729013
2014,2,PH,26,1971,1018264
2014,2,PK,26,1043,682984
2014,2,SG,31,712,294949
2014,2,TZ,2,173,99041
2014,2,US,1160,6973,6445502
2014,2,ZA,74,2904,1669594
2014,3,AU,175,4316,3153506
2014,3,BD,6,266,139808
2014,3,CA,371,8882,6117966
2014,3,GB,498,8250,5532813
2014,3,GH,10,550,327967
2014,3,HK,17,171,121175
2014,3,IE,72,4943,2783381
2014,3,IN,162,5457,2980407
2014,3,JM,5,444,282972
2014,3,KE,12,663,293184
2014,3,LK,12,141,121328
2014,3,MY,22,996,614079
2014,3,NG,30,1142,901524
2014,3,NZ,59,1497,804206
2014,3,PH,27,2127,1098328
2014,3,PK,27,1078,730232
2014,3,SG,35,978,417573
2014,3,TZ,2,205,106961
2014,3,US,1288,7322,6914698
2014,3,ZA,81,3301,1935122
2014,4,AU,181,4357,3108625
2014,4,BD,6,306,153502
2014,4,CA,365,8451,5772155
2014,4,GB,480,7746,5131477
2014,4,GH,8,541,303456
2014,4,HK,19,194,144942
2014,4,IE,75,4852,2728185
2014,4,IN,164,5482,2949086
2014,4,JM,4,459,284553
2014,4,KE,9,627,272000
2014,4,LK,14,139,141863
2014,4,MY,23,1068,660895
2014,4,NG,26,1160,932128
2014,4,NZ,51,1274,680983
2014,4,PH,29,2078,1098277
2014,4,PK,21,1027,702648
2014,4,SG,34,860,383022
2014,4,TZ,3,142,81608
2014,4,US,1241,7212,6629113
2014,4,ZA,78,4111,2326741
2014,5,AU,192,4640,3233155
2014,5,BD,7,277,163402
2014,5,CA,361,9042,6206153
2014,5,GB,501,8564,5851978
2014,5,GH,10,592,341911
2014,5,HK,22,199,148773
2014,5,IE,79,5170,2993302
2014,5,IN,150,5287,2683171
2014,5,JM,5,454,277144
2014,5,KE,11,649,281915
2014,5,LK,12,141,117866
2014,5,MY,22,1130,672199
2014,5,NG,28,1149,944663
2014,5,NZ,59,1447,707443
2014,5,PH,28,2272,1218214
2014,5,PK,26,1005,730967
2014,5,SG,43,1028,443839
2014,5,TZ,3,195,103355
2014,5,US,1291,7817,7217843
2014,5,ZA,80,4593,2602680
2014,6,AU,201,4298,2987929
2014,6,BD,8,181,91622
2014,6,CA,368,8769,6071295
2014,6,GB,466,7793,5241016
2014,6,GH,10,584,344365
2014,6,HK,14,176,124195
2014,6,IE,85,5223,2960412
2014,6,IN,138,4920,2513617
2014,6,JM,5,404,248936
2014,6,KE,12,619,278904
2014,6,LK,11,163,135155
2014,6,MY,22,1142,613607
2014,6,NG,28,1017,787176
2014,6,NZ,56,1499,759648
2014,6,PH,29,2345,1226415
2014,6,PK,26,1002,630438
2014,6,SG,38,1172,521878
2014,6,TZ,3,180,100200
2014,6,US,1210,7293,6815844
2014,6,ZA,77,4686,2601871
2014,7,AU,176,4542,3089316
2014,7,BD,6,228,127506
2014,7,CA,383,8837,5959705
2014,7,GB,477,8387,5532211
2014,7,GH,9,596,358446
2014,7,HK,14,188,131577
2014,7,IE,93,5654,3262123
2014,7,IN,147,4971,2519538
2014,7,JM,4,449,273096
2014,7,KE,9,636,279322
2014,7,LK,11,184,176166
2014,7,MY,24,1122,608987
2014,7,NG,26,1057,876138
2014,7,NZ,58,1596,829562
2014,7,PH,34,2306,1217220
2014,7,PK,30,1054,641126
2014,7,SG,34,1375,597554
2014,7,TZ,2,156,85280
2014,7,US,1231,7366,6568805
2014,7,ZA,82,5330,2918719
2014,8,AU,173,4137,2937905
2014,8,BD,5,228,134244
2014,8,CA,374,8195,5664139
2014,8,GB,404,7427,5100846
2014,8,GH,10,607,346113
2014,8,HK,13,156,116701
2014,8,IE,85,4921,2793274
2014,8,IN,136,4754,2457623
2014,8,JM,4,435,286946
2014,8,KE,11,593,268113
2014,8,LK,13,219,125409
2014,8,MY,22,1192,665633
2014,8,NG,23,1070,879061
2014,8,NZ,54,1500,761631
2014,8,PH,33,2405,1259030
2014,8,PK,25,1021,607655
2014,8,SG,40,1387,607511
2014,8,TZ,3,176,92936
2014,8,US,1210,7160,6585593
2014,8,ZA,77,4929,2727116
2014,9,AU,203,4622,3283482
2014,9,BD,6,343,210128
2014,9,CA,393,8696,5957133
2014,9,GB,370,8025,5649370
2014,9,GH,8,584,319837
2014,9,HK,17,153,112007
2014,9,IE,90,5066,2673064
2014,9,IN,137,4991,2578256
2014,9,JM,5,420,259857
2014,9,KE,12,671,305792
2014,9,LK,14,267,152165
2014,9,MY,21,1237,711604
2014,9,NG,28,1063,894240
2014,9,NZ,60,1812,926355
2014,9,PH,31,2254,1206587
2014,9,PK,27,952,571436
2014,9,SG,47,1649,713099
2014,9,TZ,2,191,99314
2014,9,US,1179,7356,6790692
2014,9,ZA,79,5254,2936389
2014,10,AU,203,4577,3169135
2014,10,BD,6,357,214461
2014,10,CA,393,9121,6310738
2014,10,GB,368,8288,5856469
2014,10,GH,10,629,311929
2014,10,HK,18,177,125104
2014,10,IE,93,6126,3445099
2014,10,IN,131,4745,2466718
2014,10,JM,5,445,269226
2014,10,KE,12,750,340957
2014,10,LK,14,328,170653
2014,10,MY,23,1264,724537
2014,10,NG,24,940,784433
2014,10,NZ,61,1834,933200
2014,10,PH,43,2740,1409344
2014,10,PK,28,970,593754
2014,10,SG,48,1954,862121
2014,10,TZ,2,193,95853
2014,10,US,1208,7615,7357251
2014,10,ZA,89,5751,3296979
2014,11,AU,192,4550,3237139
2014,11,BD,6,305,175386
2014,11,CA,455,8879,6174659
2014,11,GB,366,7796,5611456
2014,11,GH,12,636,316922
2014,11,HK,19,164,118325
2014,11,IE,83,6045,3398252
2014,11,IN,121,4781,2430973
2014,11,JM,5,434,273578
2014,11,KE,14,751,326409
2014,11,LK,14,279,158573
2014,11,MY,25,1216,700334
2014,11,NG,24,804,655169
2014,11,NZ,52,1587,811780
2014,11,PH,43,2525,1346152
2014,11,PK,28,1038,685889
2014,11,SG,49,1666,695162
2014,11,TZ,2,187,100343
2014,11,US,1119,6748,6147046
2014,11,ZA,90,5006,2950124
2014,12,AU,201,4444,3019053
2014,12,BD,8,323,190526
2014,12,CA,470,9586,6743158
2014,12,GB,438,8209,5726991
2014,12,GH,12,694,335560
2014,12,HK,19,146,102849
2014,12,IE,88,6300,3453776
2014,12,IN,137,4872,2429241
2014,12,JM,5,413,264045
2014,12,KE,13,736,328737
2014,12,LK,13,259,128958
2014,12,MY,23,1195,713958
2014,12,NG,33,881,702483
2014,12,NZ,55,1664,825753
2014,12,PH,40,2674,1368720
2014,12,PK,32,1120,793046
2014,12,SG,44,1576,660289
2014,12,TZ,2,200,102665
2014,12,US,1299,8447,7740027
2014,12,ZA,85,4339,2433064
2015,1,AU,188,3680,2443969
2015,1,BD,7,350,221280
2015,1,CA,392,8608,5888907
2015,1,GB,362,7745,5452318
2015,1,GH,14,795,401824
2015,1,HK,20,200,126838
2015,1,IE,91,6051,3484356
2015,1,IN,120,4574,2319724
2015,1,JM,5,467,295558
2015,1,KE,9,773,321962
2015,1,LK,19,330,179507
2015,1,MY,26,1238,704183
2015,1,NG,33,867,701884
2015,1,NZ,55,1687,848709
2015,1,PH,43,2735,1341941
2015,1,PK,30,1265,861377
2015,1,SG,51,2299,984204
2015,1,TZ,2,273,128547
2015,1,US,1084,7169,6413720
2015,1,ZA,90,4972,2832315
2015,2,AU,188,4120,2872122
2015,2,BD,7,319,192817
2015,2,CA,388,8189,5442477
2015,2,GB,349,7398,5259609
2015,2,GH,12,750,352219
2015,2,HK,19,191,113297
2015,2,IE,90,5709,3271944
2015,2,IN,113,4138,2131598
2015,2,JM,5,391,232427
2015,2,KE,11,694,302450
2015,2,LK,15,314,148760
2015,2,MY,22,1087,609825
2015,2,NG,32,828,642102
2015,2,NZ,60,1753,897025
2015,2,PH,42,2657,1322835
2015,2,PK,32,1113,737460
2015,2,SG,52,2330,1006849
2015,2,TZ,2,252,129567
2015,2,US,1058,6809,6066681
2015,2,ZA,92,4911,2974987
2015,3,AU,209,4493,2974819
2015,3,BD,6,348,231469
2015,3,CA,416,9639,6424975
2015,3,GB,397,8745,6253764
2015,3,GH,12,896,415824
2015,3,HK,22,310,210033
2015,3,IE,96,6150,3502680
2015,3,IN,117,4643,2489104
2015,3,JM,4,438,248243
2015,3,KE,13,850,359980
2015,3,LK,15,481,227605
2015,3,MY,23,1194,661909
2015,3,NG,34,836,649110
2015,3,NZ,64,1888,1011775
2015,3,PH,50,3333,1705122
2015,3,PK,29,1208,708166
2015,3,SG,55,2960,1231634
2015,3,TZ,3,293,152105
2015,3,US,1163,7996,7243652
2015,3,ZA,92,6290,3774862
2015,4,AU,221,4167,2878737
2015,4,BD,7,296,198561
2015,4,CA,425,8828,5774658
2015,4,GB,371,7976,5712661
2015,4,GH,13,838,375855
2015,4,HK,23,389,272624
2015,4,IE,110,5760,3235426
2015,4,IN,112,4540,2284932
2015,4,JM,6,412,245670
2015,4,KE,12,802,332971
2015,4,LK,16,443,203774
2015,4,MY,23,1170,648648
2015,4,NG,26,684,474774
2015,4,NZ,59,1838,962584
2015,4,PH,44,3364,1698188
2015,4,PK,31,1202,812783
2015,4,SG,59,3383,1417266
2015,4,TZ,3,297,153097
2015,4,US,1091,7491,6625662
2015,4,ZA,95,6147,3647865
2015,5,AU,216,4292,2812068
2015,5,BD,7,324,192072
2015,5,CA,400,8194,5296168
2015,5,GB,353,8049,5598243
2015,5,GH,13,753,346906
2015,5,HK,27,440,284599
2015,5,IE,100,5694,3152383
2015,5,IN,106,4248,2140067
2015,5,JM,6,429,254117
2015,5,KE,11,808,339732
2015,5,LK,18,517,217618
2015,5,MY,25,1105,587943
2015,5,NG,33,767,577923
2015,5,NZ,60,1821,988852
2015,5,PH,51,2968,1583907
2015,5,PK,33,1142,726538
2015,5,SG,64,3618,1578986
2015,5,TZ,3,243,117497
2015,5,US,1071,7190,6353974
2015,5,ZA,94,5847,3589471
2015,6,AU,212,4322,2830301
2015,6,BD,7,327,223347
2015,6,CA,463,9147,5930180
2015,6,GB,368,8203,5826103
2015,6,GH,12,670,303246
2015,6,HK,24,499,304374
2015,6,IE,104,5478,3048637
2015,6,IN,104,4395,2144022
2015,6,JM,6,445,262553
2015,6,KE,12,969,415472
2015,6,LK,19,502,211713
2015,6,MY,27,1052,562552
2015,6,NG,40,743,506022
2015,6,NZ,59,2007,1052366
2015,6,PH,50,3343,1706290
2015,6,PK,35,1090,653064
2015,6,SG,65,3399,1458183
2015,6,TZ,4,287,135799
2015,6,US,1109,7590,6766824
2015,6,ZA,94,5874,3604312
2015,7,AU,207,3897,2621518
2015,7,BD,5,301,178594
2015,7,CA,478,8727,5527528
2015,7,GB,377,8181,5639946
2015,7,GH,14,707,328887
2015,7,HK,24,455,276015
2015,7,IE,90,5691,3109615
2015,7,IN,103,4358,2210895
2015,7,JM,6,434,251052
2015,7,KE,13,943,401110
2015,7,LK,22,527,260525
2015,7,MY,25,1014,539885
2015,7,NG,41,701,462298
2015,7,NZ,56,1541,834415
2015,7,PH,53,3367,1818154
2015,7,PK,35,1097,651331
2015,7,SG,64,3969,1731623
2015,7,TZ,3,305,146880
2015,7,US,1090,7586,6628456
2015,7,ZA,88,6355,3790264
2015,8,AU,174,3641,2365355
2015,8,BD,7,346,218284
2015,8,CA,475,7179,4603092
2015,8,GB,382,7031,4705877
2015,8,GH,13,741,342785
2015,8,HK,24,323,193400
2015,8,IE,91,4839,2654187
2015,8,IN,99,4219,2106991
2015,8,JM,7,415,240574
2015,8,KE,15,992,432386
2015,8,LK,17,473,233326
2015,8,MY,26,1011,532794
2015,8,NG,34,755,544111
2015,8,NZ,50,1050,566759
2015,8,PH,54,3177,1676083
2015,8,PK,30,1166,753040
2015,8,SG,62,3659,1548355
2015,8,TZ,4,264,120716
2015,8,US,1048,7088,6139668
2015,8,ZA,98,6015,3703738
2015,9,AU,182,3600,2271856
2015,9,BD,7,357,196686
2015,9,CA,471,6994,4460115
2015,9,GB,391,7199,4941480
2015,9,GH,13,800,380344
2015,9,HK,22,340,206658
2015,9,IE,113,4639,2507750
2015,9,IN,107,4081,1994142
2015,9,JM,6,538,291847
2015,9,KE,21,1075,450482
2015,9,LK,21,630,289847
2015,9,MY,29,994,527658
2015,9,NG,34,859,648116
2015,9,NZ,55,1008,537978
2015,9,PH,54,3481,1820568
2015,9,PK,29,1039,644452
2015,9,SG,62,3600,1694086
2015,9,TZ,6,470,216784
2015,9,US,1080,7286,6418603
2015,9,ZA,103,5859,3535945
2015,10,AU,287,6816,4265868
2015,10,BD,9,385,229617
2015,10,CA,557,11267,7010794
2015,10,GB,824,11147,7403874
2015,10,GH,12,862,382386
2015,10,HK,24,362,214967
2015,10,IE,118,7886,3883650
2015,10,IN,99,4462,2194827
2015,10,JM,6,593,323853
2015,10,KE,17,1038,424963
2015,10,LK,23,1049,493830
2015,10,MY,27,987,494867
2015,10,NG,30,872,645560
2015,10,NZ,60,992,545393
2015,10,PH,59,3706,1920707
2015,10,PK,30,1103,642430
2015,10,SG,68,4283,2082599
2015,10,TZ,3,511,226618
2015,10,US,1604,10991,8783318
2015,10,ZA,100,5729,3355907
2015,11,AU,360,10106,6215327
2015,11,BD,8,352,203414
2015,11,CA,621,15052,9268353
2015,11,GB,1041,15544,10014455
2015,11,GH,14,866,385778
2015,11,HK,27,489,283166
2015,11,IE,135,11611,5500765
2015,11,IN,351,13650,6953646
2015,11,JM,6,715,337017
2015,11,KE,19,1054,458894
2015,11,LK,22,782,380114
2015,11,MY,27,879,425009
2015,11,NG,30,828,605950
2015,11,NZ,80,3181,1491183
2015,11,PH,61,5035,2435262
2015,11,PK,27,1068,563212
2015,11,SG,70,5853,2591932
2015,11,TZ,4,552,237093
2015,11,US,1983,16122,11952996
2015,11,ZA,141,9252,4608148
2015,12,AU,412,11026,6974902
2015,12,BD,9,531,284653
2015,12,CA,623,13979,8676600
2015,12,GB,1016,16216,10699279
2015,12,GH,10,1044,465597
2015,12,HK,31,771,438725
2015,12,IE,143,12253,6388680
2015,12,IN,344,13839,7055939
2015,12,JM,6,924,469195
2015,12,KE,19,1257,566037
2015,12,LK,22,1452,732628
2015,12,MY,26,1002,510596
2015,12,NG,36,1258,876108
2015,12,NZ,91,5544,2540063
2015,12,PH,61,6903,3420319
2015,12,PK,31,1406,731777
2015,12,SG,76,9125,4449155
2015,12,TZ,4,701,331777
2015,12,US,1912,16833,13123532
2015,12,ZA,141,9819,4803677
2016,1,AU,430,9501,5382606
2016,1,BD,9,3157,1148943
2016,1,CA,608,12550,8296686
2016,1,GB,1171,16371,10848648
2016,1,GH,14,6159,2216637
2016,1,HK,36,1219,604086
2016,1,IE,152,12829,5811131
2016,1,IN,321,18738,9888019
2016,1,JM,6,2056,1002093
2016,1,KE,19,4503,1487565
2016,1,LK,34,2634,1425284
2016,1,MY,53,8473,3853272
2016,1,NG,63,8288,3625515
2016,1,NZ,131,8374,3726965
2016,1,PH,59,9764,5159293
2016,1,PK,57,11175,5556954
2016,1,SG,79,8661,4085511
2016,1,TZ,3,850,366153
2016,1,US,2255,16193,11384653
2016,1,ZA,143,9954,4324707
2016,2,AU,434,9973,5862066
2016,2,BD,28,3446,1294093
2016,2,CA,584,11563,6867699
2016,2,GB,1199,14866,9024303
2016,2,GH,65,5243,1903966
2016,2,HK,93,1666,823629
2016,2,IE,160,14413,6921917
2016,2,IN,326,19593,10119951
2016,2,JM,10,1037,517207
2016,2,KE,62,1827,576394
2016,2,LK,84,2567,1268502
2016,2,MY,103,8972,3818171
2016,2,NG,60,5848,3328480
2016,2,NZ,215,9688,4329579
2016,2,PH,104,4826,2448778
2016,2,PK,166,14109,5832941
2016,2,SG,121,5462,2469784
2016,2,TZ,10,330,145772
2016,2,US,2190,15237,8808847
2016,2,ZA,217,12952,6247924
2016,3,AU,453,17630,11949378
2016,3,BD,8,1513,575175
2016,3,CA,620,23223,13910235
2016,3,GB,1318,26245,15686897
2016,3,GH,18,7480,2646269
2016,3,HK,25,1347,704456
2016,3,IE,160,24027,11841042
2016,3,IN,366,34005,17208592
2016,3,JM,6,615,279407
2016,3,KE,18,4896,1522682
2016,3,LK,21,2044,1009923
2016,3,MY,34,12537,4959146
2016,3,NG,61,15323,7321114
2016,3,NZ,95,12856,6211280
2016,3,PH,55,10904,5255869
2016,3,PK,40,14351,5669707
2016,3,SG,69,13067,5652387
2016,3,TZ,4,543,222497
2016,3,US,2382,25774,15637396
2016,3,ZA,145,16170,7998765
2016,4,AU,443,18759,12399155
2016,4,BD,11,1193,491106
2016,4,CA,627,23865,14554120
2016,4,GB,1283,23773,14273518
2016,4,GH,17,5894,2232188
2016,4,HK,26,1120,543465
2016,4,IE,158,24059,11815644
2016,4,IN,361,34452,16993128
2016,4,JM,6,511,230803
2016,4,KE,23,15945,8772744
2016,4,LK,21,1200,558527
2016,4,MY,38,9577,3833445
2016,4,NG,71,12531,5670452
2016,4,NZ,98,11839,5737025
2016,4,PH,47,10133,5019052
2016,4,PK,40,9942,3877887
2016,4,SG,69,9529,4147358
2016,4,TZ,4,442,163328
2016,4,US,2537,24863,15121990
2016,4,ZA,150,12691,6212526
2016,5,AU,494,19819,13049368
2016,5,BD,10,1201,468375
2016,5,CA,663,22646,13666809
2016,5,GB,1237,21339,12949919
2016,5,GH,22,5451,2131150
2016,5,HK,29,1271,591322
2016,5,IE,170,23406,11406161
2016,5,IN,407,37303,18430311
2016,5,JM,8,700,316181
2016,5,KE,26,9779,4373641
2016,5,LK,24,1455,732966
2016,5,MY,42,11273,4542013
2016,5,NG,74,14244,6423837
2016,5,NZ,109,12126,6081649
2016,5,PH,51,9464,4717469
2016,5,PK,43,13393,5154792
2016,5,SG,76,11132,5029814
2016,5,TZ,5,501,208200
2016,5,US,2471,24162,14732041
2016,5,ZA,196,14580,7014656
2016,6,AU,435,16378,10848577
2016,6,BD,8,1104,433056
2016,6,CA,625,19699,11460277
2016,6,GB,1119,18876,11366388
2016,6,GH,18,4194,1653880
2016,6,HK,24,920,425512
2016,6,IE,160,21140,10480069
2016,6,IN,358,31236,16110309
2016,6,JM,6,535,262147
2016,6,KE,17,3564,1181894
2016,6,LK,22,1286,668600
2016,6,MY,37,9108,3777480
2016,6,NG,66,10741,4853907
2016,6,NZ,95,10570,5194228
2016,6,PH,50,8798,4262520
2016,6,PK,40,12372,4592732
2016,6,SG,73,10298,4624089
2016,6,TZ,3,380,153008
2016,6,US,1972,20827,12882823
2016,6,ZA,154,11480,5510882
2016,7,AU,495,20828,12202865
2016,7,BD,9,740,304811
2016,7,CA,606,20545,11864679
2016,7,GB,1231,20431,11631514
2016,7,GH,19,4085,1630913
2016,7,HK,27,901,403064
2016,7,IE,161,22441,10728038
2016,7,IN,365,35418,19016596
2016,7,JM,4,542,267085
2016,7,KE,15,2940,1029345
2016,7,LK,22,1227,579234
2016,7,MY,39,5967,2471834
2016,7,NG,67,10103,4697330
2016,7,NZ,107,11638,5619747
2016,7,PH,52,6746,3061179
2016,7,PK,38,7955,2959808
2016,7,SG,80,7700,3389213
2016,7,TZ,3,359,161474
2016,7,US,2003,22056,13195615
2016,7,ZA,163,11050,5267611
2016,8,AU,541,22356,12265146
2016,8,BD,8,1903,744912
2016,8,CA,647,23822,13492176
2016,8,GB,1240,23336,12822183
2016,8,GH,21,7684,2778093
2016,8,HK,28,1537,670503
2016,8,IE,168,23435,10682428
2016,8,IN,374,34805,17816834
2016,8,JM,6,958,408599
2016,8,KE,27,5968,2046287
2016,8,LK,22,2305,1094003
2016,8,MY,42,10241,4449099
2016,8,NG,77,23107,10558531
2016,8,NZ,103,15664,7313639
2016,8,PH,181,17867,8231171
2016,8,PK,42,16653,6115644
2016,8,SG,90,13149,5732978
2016,8,TZ,3,505,236669
2016,8,US,2060,24003,13387235
2016,8,ZA,177,16452,7325198
2016,9,AU,527,21276,12002439
2016,9,BD,9,1779,731460
2016,9,CA,632,22961,13256918
2016,9,GB,1183,21686,12103411
2016,9,GH,21,7533,2742854
2016,9,HK,28,1319,570010
2016,9,IE,165,23161,10852852
2016,9,IN,361,33870,16869448
2016,9,JM,6,1140,483101
2016,9,KE,23,7036,2408322
2016,9,LK,21,2102,1053529
2016,9,MY,38,10772,4717298
2016,9,NG,73,23507,10779753
2016,9,NZ,105,15091,7310416
2016,9,PH,57,11754,5367321
2016,9,PK,40,13939,5234905
2016,9,SG,101,14121,6115679
2016,9,TZ,2,349,170200
2016,9,US,2001,22806,13165021
2016,9,ZA,179,17031,7814463
2016,10,AU,520,22968,12706212
2016,10,BD,10,1878,780108
2016,10,CA,661,23607,13712495
2016,10,GB,1323,23436,12856157
2016,10,GH,18,8239,2997151
2016,10,HK,28,1448,615135
2016,10,IE,170,23947,11239919
2016,10,IN,392,34126,17452253
2016,10,JM,6,1060,478258
2016,10,KE,24,6518,2253248
2016,10,LK,21,1915,1022756
2016,10,MY,38,9441,3786843
2016,10,NG,74,23740,11081350
2016,10,NZ,105,16401,7954989
2016,10,PH,56,11046,5062084
2016,10,PK,39,13801,5167537
2016,10,SG,101,14132,6191337
2016,10,TZ,3,318,160420
2016,10,US,2557,26028,15080372
2016,10,ZA,182,16481,7474316
2016,11,AU,516,20954,11800226
2016,11,BD,11,1737,711098
2016,11,CA,666,23044,13764423
2016,11,GB,1298,24625,13330446
2016,11,GH,21,8625,3142793
2016,11,HK,27,1607,689167
2016,11,IE,170,23125,11263557
2016,11,IN,370,29647,15125105
2016,11,JM,7,1064,439667
2016,11,KE,23,6868,2391030
2016,11,LK,24,2040,1133400
2016,11,MY,39,9187,3613103
2016,11,NG,69,22417,10694452
2016,11,NZ,108,15604,7459715
2016,11,PH,56,12029,5522759
2016,11,PK,42,13845,5217315
2016,11,SG,102,13032,5897986
2016,11,TZ,3,140,56867
2016,11,US,2307,24666,14229888
2016,11,ZA,185,15123,7062990
2016,12,AU,454,17182,9533428
2016,12,BD,10,1270,514136
2016,12,CA,630,18277,10964449
2016,12,GB,1211,20605,11035874
2016,12,GH,17,6315,2101518
2016,12,HK,31,1241,549129
2016,12,IE,171,19303,9370925
2016,12,IN,375,26419,12872263
2016,12,JM,8,1075,429386
2016,12,KE,24,5986,2233536
2016,12,LK,24,1808,1011622
2016,12,MY,36,9597,3776216
2016,12,NG,68,19406,8890751
2016,12,NZ,100,12384,5816514
2016,12,PH,55,10604,4925986
2016,12,PK,40,12545,4702907
2016,12,SG,95,10139,4653925
2016,12,TZ,2,95,34083
2016,12,US,2187,22425,12807246
2016,12,ZA,169,12602,5456030
2016,11,AU,516,20954,11800226
2016,11,BD,11,1737,711098
2016,11,CA,666,23044,13764423
2016,11,GB,1298,24625,13330446
2016,11,GH,21,8625,3142793
2016,11,HK,27,1607,689167
2016,11,IE,170,23125,11263557
2016,11,IN,370,29647,15125105
2016,11,JM,7,1064,439667
2016,11,KE,23,6868,2391030
2016,11,LK,24,2040,1133400
2016,11,MY,39,9187,3613103
2016,11,NG,69,22417,10694452
2016,11,NZ,108,15604,7459715
2016,11,PH,56,12029,5522759
2016,11,PK,42,13845,5217315
2016,11,SG,102,13032,5897986
2016,11,TZ,3,140,56867
2016,11,US,2307,24666,14229888
2016,11,ZA,185,15123,7062990
2016,12,AU,464,20358,11238363
2016,12,BD,11,1471,602270
2016,12,CA,647,21690,13147094
2016,12,GB,1255,24247,13091294
2016,12,GH,17,7364,2464608
2016,12,HK,31,1381,612591
2016,12,IE,172,22677,11078978
2016,12,IN,395,31550,15423285
2016,12,JM,8,1235,481896
2016,12,KE,24,6831,2557076
2016,12,LK,24,2180,1232790
2016,12,MY,36,11318,4456564
2016,12,NG,71,22741,10510780
2016,12,NZ,100,14108,6597625
2016,12,PH,55,12311,5724810
2016,12,PK,40,15047,5662964
2016,12,SG,100,11836,5453144
2016,12,TZ,2,100,35799
2016,12,US,2329,26656,15379826
2016,12,ZA,169,14256,6106426
2017,1,AU,485,19773,10550020
2017,1,BD,9,1256,482402
2017,1,CA,646,20941,12669330
2017,1,GB,1291,24667,13377506
2017,1,GH,19,8690,2970382
2017,1,HK,30,1199,515113
2017,1,IE,167,24171,11713634
2017,1,IN,381,31004,15019561
2017,1,JM,8,1059,384158
2017,1,KE,22,7403,2637424
2017,1,LK,24,2133,1165178
2017,1,MY,37,12286,4761815
2017,1,NG,70,20688,9500593
2017,1,NZ,100,14159,6423363
2017,1,PH,59,11645,5261889
2017,1,PK,44,14084,5451393
2017,1,SG,101,13067,5907235
2017,1,TZ,2,96,30072
2017,1,US,2402,26111,14903269
2017,1,ZA,178,15282,6749229
2017,2,AU,495,18004,9787410
2017,2,BD,9,988,388860
2017,2,CA,674,20436,12361833
2017,2,GB,1277,23406,12419978
2017,2,GH,20,8716,2918578
2017,2,HK,28,1391,582374
2017,2,IE,166,25077,12327323
2017,2,IN,355,26764,12528190
2017,2,JM,8,1274,495443
2017,2,KE,24,6952,2538601
2017,2,LK,22,1936,1045305
2017,2,MY,38,12142,4650793
2017,2,NG,75,21516,10488534
2017,2,NZ,99,15348,7169038
2017,2,PH,56,11900,5347605
2017,2,PK,42,14019,5212637
2017,2,SG,93,12291,5398078
2017,2,TZ,2,161,58220
2017,2,US,2467,24584,13800350
2017,2,ZA,183,15192,6963602
2017,3,AU,517,22149,12424140
2017,3,BD,10,1253,486624
2017,3,CA,677,27215,16982072
2017,3,GB,1207,29161,15900442
2017,3,GH,19,7127,2481817
2017,3,HK,29,1769,784667
2017,3,IE,165,26340,13256994
2017,3,IN,349,31090,15046922
2017,3,JM,7,2343,1090858
2017,3,KE,22,7813,2999482
2017,3,LK,22,2305,1274712
2017,3,MY,40,15445,6008968
2017,3,NG,79,23776,11263287
2017,3,NZ,98,18809,9089868
2017,3,PH,57,14424,6435057
2017,3,PK,38,15216,6039793
2017,3,SG,97,16447,7194675
2017,3,TZ,1,100,30415
2017,3,US,2549,27786,15737980
2017,3,ZA,188,16732,7503033
2017,4,AU,498,19585,10838864
2017,4,BD,9,1143,444904
2017,4,CA,643,26759,17187961
2017,4,GB,1104,26187,14242583
2017,4,GH,17,5356,1889146
2017,4,HK,26,1381,575743
2017,4,IE,160,22463,11246967
2017,4,IN,352,30779,14942172
2017,4,JM,8,1916,899973
2017,4,KE,20,6949,2645095
2017,4,LK,21,1764,1029341
2017,4,MY,38,14300,5596551
2017,4,NG,64,20816,9677620
2017,4,NZ,96,15676,7700211
2017,4,PH,53,11856,5284475
2017,4,PK,34,10487,4302924
2017,4,SG,96,14185,6321352
2017,4,TZ,1,65,17165
2017,4,US,2325,25718,14846479
2017,4,ZA,183,17059,7653011
2017,5,AU,494,21242,11687431
2017,5,BD,9,1279,500883
2017,5,CA,623,30682,19413127
2017,5,GB,1068,26381,14534476
2017,5,GH,17,6382,2102281
2017,5,HK,28,1853,714162
2017,5,IE,164,26591,13148291
2017,5,IN,347,34131,16372091
2017,5,JM,6,1352,588982
2017,5,KE,23,7395,2822678
2017,5,LK,18,1945,1016728
2017,5,MY,34,20175,7903175
2017,5,NG,68,22124,10176920
2017,5,NZ,92,19081,9495032
2017,5,PH,58,14018,6369202
2017,5,PK,37,11197,4577313
2017,5,SG,94,17007,7343584
2017,5,TZ,1,96,24568
2017,5,US,2298,27087,15656331
2017,5,ZA,186,19456,9047463
2017,6,AU,484,18259,10054146
2017,6,BD,9,1084,421598
2017,6,CA,588,24312,15318722
2017,6,GB,1080,23218,12828412
2017,6,GH,18,5291,1664499
2017,6,HK,28,2116,841263
2017,6,IE,174,23448,11754119
2017,6,IN,335,28147,14069298
2017,6,JM,6,1324,575162
2017,6,KE,24,7634,3096824
2017,6,LK,17,1821,984366
2017,6,MY,32,20437,8209777
2017,6,NG,69,21613,10077626
2017,6,NZ,90,13216,6599717
2017,6,PH,57,13277,6142684
2017,6,PK,39,10849,4384751
2017,6,SG,101,16791,7407443
2017,6,TZ,1,96,26812
2017,6,US,2213,23920,14260195
2017,6,ZA,185,17469,8139092
2017,7,AU,468,17804,9527375
2017,7,BD,9,1282,473448
2017,7,CA,559,25547,16140212
2017,7,GB,1149,26735,14556330
2017,7,GH,19,3898,1292227
2017,7,HK,30,1700,692708
2017,7,IE,169,24566,11951025
2017,7,IN,338,32036,15720755
2017,7,JM,6,1759,711182
2017,7,KE,23,7614,3081366
2017,7,LK,18,2111,1166035
2017,7,MY,32,23619,9033995
2017,7,NG,76,20904,9700655
2017,7,NZ,89,14961,7598698
2017,7,PH,56,12881,5864596
2017,7,PK,37,12310,5098853
2017,7,SG,96,17828,7836332
2017,7,TZ,1,98,28065
2017,7,US,2456,29066,17761186
2017,7,ZA,185,17723,8017553
2017,8,AU,487,17887,9503385
2017,8,BD,10,911,354258
2017,8,CA,585,29021,17529891
2017,8,GB,1123,25180,13700843
2017,8,GH,15,4137,1488155
2017,8,HK,28,1548,658775
2017,8,IE,162,24740,12197535
2017,8,IN,338,33884,15724485
2017,8,JM,6,1589,646748
2017,8,KE,26,6930,2876434
2017,8,LK,18,1923,1129025
2017,8,MY,31,22254,8810558
2017,8,NG,70,20602,9803952
2017,8,NZ,88,18619,9426601
2017,8,PH,63,12180,5409102
2017,8,PK,34,10975,4742186
2017,8,SG,95,17243,7749918
2017,8,TZ,2,105,28668
2017,8,US,2471,28373,17687981
2017,8,ZA,184,17511,7952352
2017,9,AU,454,19367,10212735
2017,9,BD,7,721,314939
2017,9,CA,611,30035,18868702
2017,9,GB,1147,25404,13923484
2017,9,GH,14,4735,1834579
2017,9,HK,25,1662,706489
2017,9,IE,165,25462,12699069
2017,9,IN,360,34369,16184855
2017,9,JM,6,1845,761301
2017,9,KE,29,5906,2533446
2017,9,LK,18,1849,1067970
2017,9,MY,36,25484,10164409
2017,9,NG,74,20140,9707987
2017,9,NZ,89,17102,8749890
2017,9,PH,57,11868,5148561
2017,9,PK,34,11590,4817871
2017,9,SG,96,17488,7836766
2017,9,TZ,3,183,42802
2017,9,US,2652,28302,17745772
2017,9,ZA,180,17888,8296805
2017,10,AU,528,21840,11353389
2017,10,BD,8,699,306405
2017,10,CA,646,31390,19860209
2017,10,GB,1178,28121,15554585
2017,10,GH,21,7938,3313829
2017,10,HK,30,1735,761291
2017,10,IE,180,25564,12574184
2017,10,IN,380,35107,16372009
2017,10,JM,6,1874,768100
2017,10,KE,27,6364,2778450
2017,10,LK,21,1947,1095290
2017,10,MY,43,22746,8694336
2017,10,NG,86,22560,10478635
2017,10,NZ,99,17863,9059018
2017,10,PH,53,12197,5302524
2017,10,PK,40,10792,4420639
2017,10,SG,110,18106,8194437
2017,10,TZ,2,100,20889
2017,10,US,2608,30375,18943881
2017,10,ZA,198,19560,9018719
2017,11,AU,456,19013,10051661
2017,11,BD,8,777,310269
2017,11,CA,621,28264,18071996
2017,11,GB,1120,25795,14726350
2017,11,GH,17,9114,3719944
2017,11,HK,24,1700,734131
2017,11,IE,151,23246,11580199
2017,11,IN,376,33314,15561470
2017,11,JM,6,1398,535020
2017,11,KE,25,6400,2609404
2017,11,LK,20,1922,1085117
2017,11,MY,39,21487,8219567
2017,11,NG,74,19914,9226654
2017,11,NZ,91,17232,8886358
2017,11,PH,56,11577,5079167
2017,11,PK,35,7312,3048969
2017,11,SG,94,19275,8965480
2017,11,TZ,3,527,203883
2017,11,US,2616,30267,18945131
2017,11,ZA,184,16353,7630237
2017,12,AU,423,16403,8485185
2017,12,BD,9,751,287714
2017,12,CA,562,24102,15341962
2017,12,GB,1017,22173,12801013
2017,12,GH,14,9132,3533762
2017,12,HK,21,1108,506375
2017,12,IE,152,19288,9562127
2017,12,IN,377,31472,15159742
2017,12,JM,5,1125,425069
2017,12,KE,28,6783,2889860
2017,12,LK,18,1614,948566
2017,12,MY,36,24826,10561314
2017,12,NG,77,18833,8908065
2017,12,NZ,90,14497,7241029
2017,12,PH,51,8994,3899929
2017,12,PK,31,6307,2730672
2017,12,SG,89,15606,7289775
2017,12,TZ,3,228,88997
2017,12,US,2495,26665,17362433
2017,12,ZA,177,12807,5894426
2018,1,AU,416,15183,7707572
2018,1,BD,8,607,222036
2018,1,CA,602,22065,13367509
2018,1,GB,991,18594,10114356
2018,1,GH,17,5933,2283309
2018,1,HK,28,1162,502926
2018,1,IE,237,18247,8566681
2018,1,IN,389,28502,13575360
2018,1,JM,5,644,222644
2018,1,KE,26,6827,2922981
2018,1,LK,17,1440,773763
2018,1,MY,37,14007,5575095
2018,1,NG,79,15318,6824314
2018,1,NZ,83,12576,6098737
2018,1,PH,66,6489,2686548
2018,1,PK,32,5958,2488732
2018,1,SG,97,14615,6846921
2018,1,TZ,4,111,24021
2018,1,US,2458,24432,15181257
2018,1,ZA,177,12372,5595830
2018,2,AU,415,16547,8847607
2018,2,BD,4,566,210224
2018,2,CA,533,24734,14088284
2018,2,GB,974,17302,9299487
2018,2,GH,13,5652,2244753
2018,2,HK,17,1083,444192
2018,2,IE,231,20454,9556366
2018,2,IN,326,30851,14976430
2018,2,JM,1,490,171477
2018,2,KE,25,7712,3283003
2018,2,LK,13,1342,732307
2018,2,MY,23,8911,3387250
2018,2,NG,55,16740,7322042
2018,2,NZ,80,14840,7591815
2018,2,PH,49,7551,3187175
2018,2,PK,26,5307,2236145
2018,2,SG,82,14825,7152901
2018,2,TZ,1,58,14836
2018,2,US,2371,24822,15680371
2018,2,ZA,174,14298,6849970
2018,3,AU,426,17997,10218038
2018,3,BD,6,1861,568774
2018,3,CA,562,27899,16776851
2018,3,GB,1162,20381,11327404
2018,3,GH,13,6018,2238049
2018,3,HK,16,1168,516875
2018,3,IE,225,22546,10728026
2018,3,IN,307,34600,17092020
2018,3,JM,1,499,170390
2018,3,KE,24,7818,3310444
2018,3,LK,13,1873,984829
2018,3,MY,26,10790,4129484
2018,3,NG,54,16298,7105345
2018,3,NZ,78,18771,9887525
2018,3,PH,36,8198,3472461
2018,3,PK,30,5926,2630006
2018,3,SG,83,17320,8084770
2018,3,TZ,1,93,19426
2018,3,US,2408,22200,14871400
2018,3,ZA,178,13916,6502653
2018,4,AU,445,14334,8819530
2018,4,BD,5,1824,562906
2018,4,CA,555,24277,15466009
2018,4,GB,1167,19287,11071451
2018,4,GH,15,5632,2368454
2018,4,HK,13,1221,473840
2018,4,IE,221,17062,8627280
2018,4,IN,302,28809,14685562
2018,4,JM,2,471,158136
2018,4,KE,26,7448,3019594
2018,4,LK,16,1751,873402
2018,4,MY,27,8508,3360224
2018,4,NG,55,17537,8124671
2018,4,NZ,80,14709,8198401
2018,4,PH,36,7396,3273308
2018,4,PK,23,6378,2895123
2018,4,SG,89,17410,8059022
2018,4,TZ,1,109,27359
2018,4,US,2744,21764,14804786
2018,4,ZA,178,15031,6894032
2018,5,AU,395,13105,8100173
2018,5,BD,9,2099,954844
2018,5,CA,533,26334,17488623
2018,5,GB,1134,20075,11904168
2018,5,GH,15,4370,2006113
2018,5,HK,12,1082,452837
2018,5,IE,222,17084,8449156
2018,5,IN,290,28191,14374077
2018,5,JM,1,410,151249
2018,5,KE,29,6855,2977260
2018,5,LK,14,1724,885508
2018,5,MY,30,8995,3822186
2018,5,NG,62,20242,11027612
2018,5,NZ,92,10724,6015301
2018,5,PH,40,6632,3049925
2018,5,PK,25,8165,4674866
2018,5,SG,90,17254,8289261
2018,5,TZ,1,117,35625
2018,5,US,2706,23167,15617004
2018,5,ZA,178,13085,6206812
2018,6,AU,558,19894,8822914
2018,6,BD,13,2590,848724
2018,6,CA,574,24106,11822662
2018,6,GB,1305,24671,11542110
2018,6,GH,23,3597,1224886
2018,6,HK,15,956,330073
2018,6,IE,268,24346,9853460
2018,6,IN,344,31688,12849555
2018,6,JM,2,340,100761
2018,6,KE,36,6866,2165609
2018,6,LK,19,1992,847868
2018,6,MY,43,7042,2342584
2018,6,NG,88,17065,6217807
2018,6,NZ,109,11667,5191528
2018,6,PH,65,8215,2810757
2018,6,PK,38,9036,3016957
2018,6,SG,113,14148,5334048
2018,6,TZ,4,271,110076
2018,6,US,3242,23861,12755156
2018,6,ZA,204,13851,5328019
2018,7,AU,517,15078,6540575
2018,7,BD,9,3303,1217749
2018,7,CA,547,19742,9498079
2018,7,GB,1205,20800,9755485
2018,7,GH,22,5169,1813948
2018,7,HK,15,1429,504202
2018,7,IE,262,17170,6857098
2018,7,IN,329,22992,9339074
2018,7,JM,2,557,166621
2018,7,KE,35,10952,3590342
2018,7,LK,19,2328,1072391
2018,7,MY,50,10100,3283329
2018,7,NG,92,24422,9391785
2018,7,NZ,106,9745,4466315
2018,7,PH,63,11483,3994523
2018,7,PK,41,11655,4765893
2018,7,SG,114,22156,8271215
2018,7,TZ,5,814,309815
2018,7,US,2560,17449,9011012
2018,7,ZA,202,18742,7155303
2018,8,AU,509,11926,4985866
2018,8,BD,11,1984,803525
2018,8,CA,513,12603,5891811
2018,8,GB,1203,14438,6385344
2018,8,GH,20,2993,971826
2018,8,HK,15,915,287469
2018,8,IE,258,13306,5258358
2018,8,IN,295,16518,6594243
2018,8,JM,2,281,76828
2018,8,KE,39,5709,1731296
2018,8,LK,18,1688,777451
2018,8,MY,39,5598,1811164
2018,8,NG,92,13381,5172085
2018,8,NZ,106,7815,3555250
2018,8,PH,62,7546,2636359
2018,8,PK,45,9038,3557918
2018,8,SG,103,14383,5217744
2018,8,TZ,5,403,157381
2018,8,US,2397,13596,7088871
2018,8,ZA,201,10511,3915152
2018,9,AU,568,19448,10780224
2018,9,BD,10,3813,2108996
2018,9,CA,569,22428,14539047
2018,9,GB,1342,25968,15094616
2018,9,GH,18,6708,3028654
2018,9,HK,17,562,381105
2018,9,IE,278,24228,12014353
2018,9,IN,371,43946,22266342
2018,9,JM,2,725,308090
2018,9,KE,40,8336,3454216
2018,9,LK,17,2061,1264743
2018,9,MY,39,9005,3721480
2018,9,NG,94,30283,15235361
2018,9,NZ,116,13469,8108730
2018,9,PH,64,11468,5557518
2018,9,PK,43,14296,7552215
2018,9,SG,101,21689,10609186
2018,9,TZ,5,1077,557346
2018,9,US,3212,28711,20057585
2018,9,ZA,202,18541,8813187
2018,10,AU,591,20811,11771207
2018,10,BD,8,3971,1986185
2018,10,CA,572,23041,15298147
2018,10,GB,1308,26901,15620828
2018,10,GH,23,7431,3290088
2018,10,HK,15,674,469341
2018,10,IE,274,27708,14007402
2018,10,IN,413,43597,22417204
2018,10,JM,2,675,296989
2018,10,KE,40,10530,4423951
2018,10,LK,15,2005,1149473
2018,10,MY,41,10528,4328221
2018,10,NG,95,29486,14421492
2018,10,NZ,108,11697,6881789
2018,10,PH,75,11972,5630780
2018,10,PK,41,14721,7397751
2018,10,SG,96,26403,12462306
2018,10,TZ,5,1167,656056
2018,10,US,3370,25947,17748218
2018,10,ZA,210,20834,10072528
2018,11,AU,580,17971,10615291
2018,11,BD,8,3639,1929576
2018,11,CA,562,20845,13854086
2018,11,GB,1274,24473,14583657
2018,11,GH,23,6633,2824703
2018,11,HK,16,763,514404
2018,11,IE,281,25740,13157555
2018,11,IN,430,39931,20889874
2018,11,JM,2,708,301254
2018,11,KE,40,10869,4483263
2018,11,LK,13,1588,1032096
2018,11,MY,42,8788,3643032
2018,11,NG,95,23342,11606417
2018,11,NZ,107,12967,7619170
2018,11,PH,74,12698,5921250
2018,11,PK,47,14993,7144175
2018,11,SG,95,22447,10385206
2018,11,TZ,5,1464,750240
2018,11,US,3471,28114,19112793
2018,11,ZA,207,20452,9818250
2018,12,AU,521,13779,8216755
2018,12,BD,11,3413,1827739
2018,12,CA,531,19086,12629007
2018,12,GB,1130,21016,13174488
2018,12,GH,23,5402,2355846
2018,12,HK,19,537,370881
2018,12,IE,272,20923,10709110
2018,12,IN,390,38208,20251925
2018,12,JM,2,544,244219
2018,12,KE,39,8050,3561921
2018,12,LK,15,1544,935470
2018,12,MY,48,8753,3588867
2018,12,NG,97,29410,14512679
2018,12,NZ,102,10103,6231232
2018,12,PH,71,12501,5716972
2018,12,PK,44,14625,7202932
2018,12,SG,101,23455,10423825
2018,12,TZ,5,1219,624210
2018,12,US,2922,25193,17859126
2018,12,ZA,201,15038,7103539
2019,1,AU,562,20065,12204819
2019,1,BD,11,4243,2295008
2019,1,CA,590,28007,20026634
2019,1,GB,1181,30627,20602476
2019,1,GH,24,9924,4365762
2019,1,HK,21,875,624610
2019,1,IE,285,28098,16038518
2019,1,IN,393,51771,27958833
2019,1,JM,2,750,340117
2019,1,KE,40,14221,6218887
2019,1,LK,16,2430,1362099
2019,1,MY,42,12693,5469253
2019,1,NG,96,42353,22609006
2019,1,NZ,108,14239,8519217
2019,1,PH,65,18661,8750917
2019,1,PK,43,26068,13030709
2019,1,SG,108,34660,17817363
2019,1,TZ,5,2135,1166106
2019,1,US,3120,34084,23254350
2019,1,ZA,206,24968,12614482
2019,2,AU,564,16390,9899316
2019,2,BD,11,3628,1955420
2019,2,CA,564,19121,12838016
2019,2,GB,1109,24204,14953355
2019,2,GH,24,7176,2991289
2019,2,HK,16,633,429278
2019,2,IE,273,24827,12866715
2019,2,IN,389,39943,20062993
2019,2,JM,2,748,319175
2019,2,KE,42,11686,4836806
2019,2,LK,15,1917,1050308
2019,2,MY,41,9016,3738031
2019,2,NG,94,32745,15828900
2019,2,NZ,108,13109,7863623
2019,2,PH,68,15467,6945272
2019,2,PK,44,16848,8100114
2019,2,SG,101,23968,11553642
2019,2,TZ,6,1354,657729
2019,2,US,2912,26077,17244171
2019,2,ZA,204,21121,10328836
2019,3,AU,602,17186,11436026
2019,3,BD,12,5026,2479793
2019,3,CA,575,21418,15524998
2019,3,GB,1270,25001,16650106
2019,3,GH,25,7269,3026184
2019,3,HK,20,880,611085
2019,3,IE,276,25604,13857820
2019,3,IN,416,39707,21954200
2019,3,JM,2,696,305374
2019,3,KE,43,10660,4600939
2019,3,LK,15,1927,1041676
2019,3,MY,64,9056,3620515
2019,3,NG,94,29516,14483567
2019,3,NZ,110,13313,8297016
2019,3,PH,57,13795,6149248
2019,3,PK,42,15924,8557598
2019,3,SG,105,21054,10933438
2019,3,TZ,5,1239,563962
2019,3,US,3338,27634,22303713
2019,3,ZA,202,21034,10335102
2019,4,AU,578,16777,10369057
2019,4,BD,15,5266,2575094
2019,4,CA,569,20296,13900876
2019,4,GB,1252,26998,16409687
2019,4,GH,24,7666,3246755
2019,4,HK,17,793,544684
2019,4,IE,276,24970,12998583
2019,4,IN,483,36921,19453923
2019,4,JM,2,665,284279
2019,4,KE,42,11309,4757158
2019,4,LK,15,1777,898088
2019,4,MY,53,12942,5252412
2019,4,NG,89,33965,16176923
2019,4,NZ,90,12748,7199659
2019,4,PH,60,13719,6170424
2019,4,PK,42,13038,5573518
2019,4,SG,106,22331,10705440
2019,4,TZ,6,1448,676379
2019,4,US,3547,27433,20329095
2019,4,ZA,201,20694,10160911
2019,5,AU,581,16971,11225609
2019,5,BD,13,4804,2365669
2019,5,CA,558,20717,14699459
2019,5,GB,1308,27472,17614719
2019,5,GH,24,7069,3024270
2019,5,HK,54,2198,1401400
2019,5,IE,263,25373,13560163
2019,5,IN,449,36430,20918368
2019,5,JM,2,693,299583
2019,5,KE,43,12535,5300059
2019,5,LK,14,2257,1127353
2019,5,MY,41,11463,4935493
2019,5,NG,96,33006,15633682
2019,5,NZ,90,13253,7933344
2019,5,PH,69,14511,6530955
2019,5,PK,40,13472,5986781
2019,5,SG,119,22138,11030381
2019,5,TZ,4,1376,597472
2019,5,US,3502,27131,21301266
2019,5,ZA,197,20902,10325629
2019,6,AU,594,18807,11755268
2019,6,BD,12,5145,2560589
2019,6,CA,571,20912,13488886
2019,6,GB,1314,27034,16318056
2019,6,GH,24,6386,2703646
2019,6,HK,57,2859,1751336
2019,6,IE,280,25671,13211786
2019,6,IN,413,40428,20330701
2019,6,JM,2,745,335988
2019,6,KE,41,12854,5360411
2019,6,LK,14,2338,1193475
2019,6,MY,53,11912,4943947
2019,6,NG,85,29420,14002039
2019,6,NZ,92,13546,8077197
2019,6,PH,74,19174,8296644
2019,6,PK,40,12681,5893752
2019,6,SG,120,23151,11250763
2019,6,TZ,4,985,470887
2019,6,US,3731,28755,19490423
2019,6,ZA,197,20635,9983071
2019,7,AU,499,4757,2764112
2019,7,BD,42,1815,873772
2019,7,CA,476,6824,4062953
2019,7,GB,884,6665,3727971
2019,7,GH,76,1513,671712
2019,7,HK,38,346,218695
2019,7,IE,382,6362,3218924
2019,7,IN,427,15152,7250590
2019,7,JM,5,207,75590
2019,7,KE,68,2188,943801
2019,7,LK,41,761,320049
2019,7,MY,85,3930,1677620
2019,7,NG,166,6635,3141528
2019,7,NZ,100,2896,1776281
2019,7,PH,94,3404,1419545
2019,7,PK,65,3882,2000851
2019,7,SG,164,5761,2854346
2019,7,TZ,11,202,91014
2019,7,UK,1,8,2128
2019,7,US,6059,76711,37040983
2019,7,ZA,304,5390,2548253
2019,8,AU,95,10339,7806608
2019,8,BD,7,759,537482
2019,8,CA,121,10874,7660970
2019,8,GB,186,16276,11591394
2019,8,GH,16,1459,666345
2019,8,HK,11,1031,720905
2019,8,IE,112,13252,8431730
2019,8,IN,121,13802,8067358
2019,8,JM,3,553,215620
2019,8,KE,26,3080,1694091
2019,8,LK,9,1207,838625
2019,8,MY,26,3071,1929092
2019,8,NG,60,7830,4298674
2019,8,NZ,35,4372,3322986
2019,8,PH,41,4633,2641900
2019,8,PK,26,2864,1466226
2019,8,SG,47,5051,3678491
2019,8,TZ,5,383,233028
2019,8,UK,1,23,4673
2019,8,US,2904,130324,59886591
2019,8,ZA,65,7960,4727831
2019,9,AU,94,18926,13255648
2019,9,BD,6,1179,945231
2019,9,CA,119,16762,12328825
2019,9,GB,179,23422,17044800
2019,9,GH,16,2292,1135322
2019,9,HK,10,1656,1196419
2019,9,IE,112,25417,16440697
2019,9,IN,115,25819,16077619
2019,9,JM,2,648,326915
2019,9,KE,26,5680,3714533
2019,9,LK,10,1840,1347346
2019,9,MY,27,4585,3159676
2019,9,NG,61,12279,6788946
2019,9,NZ,33,6344,5088191
2019,9,PH,41,9174,5444212
2019,9,PK,25,3990,2102754
2019,9,SG,45,7864,4781355
2019,9,TZ,5,689,468043
2019,9,UK,1,17,4694
2019,9,US,2842,127482,63581313
2019,9,ZA,64,13534,8577448
2019,10,AU,97,15561,10734844
2019,10,BD,7,918,722572
2019,10,CA,114,19020,14217373
2019,10,GB,184,25994,18832794
2019,10,GH,17,1528,756476
2019,10,HK,11,1748,1431376
2019,10,IE,113,22475,15146780
2019,10,IN,116,22127,12768455
2019,10,JM,2,575,317436
2019,10,KE,27,4915,2694113
2019,10,LK,10,1179,862192
2019,10,MY,24,5154,3034274
2019,10,NG,59,12489,6976020
2019,10,NZ,31,4248,3668633
2019,10,PH,40,6674,3635517
2019,10,PK,25,4604,2624613
2019,10,SG,42,8350,5261028
2019,10,TZ,5,634,451508
2019,10,UK,1,1,217
2019,10,US,2723,144118,60237955
2019,10,ZA,63,11959,7076530
2019,11,AU,96,17806,11815977
2019,11,BD,8,1207,807881
2019,11,CA,115,18969,14056046
2019,11,GB,187,26111,18030725
2019,11,GH,14,2267,1092837
2019,11,HK,11,1561,1222607
2019,11,IE,110,20795,12089339
2019,11,IN,124,25545,14160480
2019,11,JM,3,800,389459
2019,11,KE,28,5379,2879321
2019,11,LK,11,1920,1303275
2019,11,MY,26,5820,3484209
2019,11,NG,60,13801,7177839
2019,11,NZ,32,6525,5126588
2019,11,PH,39,8814,4473163
2019,11,PK,26,4644,2268781
2019,11,SG,42,7646,4685669
2019,11,TZ,5,616,381121
2019,11,US,2756,146608,70340161
2019,11,ZA,65,13168,7511086
2019,12,AU,98,17540,11584083
2019,12,BD,8,1083,685015
2019,12,CA,113,16343,11919358
2019,12,GB,185,24701,16609120
2019,12,GH,16,1927,1068770
2019,12,HK,11,1339,900601
2019,12,IE,110,19204,11488061
2019,12,IN,125,25609,14351369
2019,12,JM,1,264,148110
2019,12,KE,26,5774,3090385
2019,12,LK,11,1547,925932
2019,12,MY,24,4725,3085394
2019,12,NG,61,12637,6609196
2019,12,NZ,32,5449,4122128
2019,12,PH,38,7989,4161795
2019,12,PK,28,4332,2248807
2019,12,SG,41,6721,4159043
2019,12,TZ,5,669,445429
2019,12,US,2816,149013,69008843
2019,12,ZA,63,11845,6566078
2020,1,AU,100,17428,11561151
2020,1,BD,7,1294,689835
2020,1,CA,115,20047,15571538
2020,1,GB,184,26924,18805423
2020,1,GH,17,2348,1171138
2020,1,HK,11,1775,1048252
2020,1,IE,109,21401,12505529
2020,1,IN,123,25847,14705945
2020,1,JM,1,289,163725
2020,1,KE,28,6353,3977244
2020,1,LK,10,2139,1389502
2020,1,MY,29,6058,4266470
2020,1,NG,60,14393,7959285
2020,1,NZ,33,6944,5027185
2020,1,PH,39,7958,4453068
2020,1,PK,25,5313,2954953
2020,1,SG,43,8509,5504784
2020,1,TZ,4,781,467177
2020,1,UK,1,2,382
2020,1,US,2918,167984,79515095
2020,1,ZA,63,14496,8265123
2020,2,AU,96,15031,9824864
2020,2,BD,6,1224,794533
2020,2,CA,109,17152,12820808
2020,2,GB,174,25266,17414272
2020,2,GH,15,1665,866512
2020,2,HK,10,1567,1075081
2020,2,IE,106,19264,11345693
2020,2,IN,122,21690,12984255
2020,2,JM,2,253,130237
2020,2,KE,27,5444,2866229
2020,2,LK,11,2025,1161842
2020,2,MY,25,5499,3810545
2020,2,NG,57,12682,6658217
2020,2,NZ,34,6604,4730363
2020,2,PH,39,7032,3624417
2020,2,PK,24,5528,3247976
2020,2,SG,43,7853,4994858
2020,2,TZ,5,741,437335
2020,2,UK,1,1,276
2020,2,US,2848,123075,61693124
2020,2,ZA,64,12716,7452426
2020,3,AU,97,20969,15624980
2020,3,BD,7,1210,842997
2020,3,CA,116,20917,17255523
2020,3,GB,181,34930,26964506
2020,3,GH,15,2322,1469879
2020,3,HK,11,2457,1855471
2020,3,IE,108,23319,15708781
2020,3,IN,124,27863,19005394
2020,3,JM,3,379,192533
2020,3,KE,27,6669,3742938
2020,3,LK,10,2121,1376846
2020,3,MY,27,6707,4174580
2020,3,NG,58,12180,8328980
2020,3,NZ,35,8140,6895440
2020,3,PH,40,8523,4812100
2020,3,PK,24,4869,3365077
2020,3,SG,44,9753,6619850
2020,3,TZ,5,855,1133761
2020,3,UK,1,5,1249
2020,3,US,2887,157115,91090843
2020,3,ZA,66,15713,10182615
2020,4,AU,95,18296,12962352
2020,4,BD,7,1457,1131695
2020,4,CA,116,16971,13115701
2020,4,GB,181,28217,20573320
2020,4,GH,15,2335,1310186
2020,4,HK,11,1942,1493591
2020,4,IE,110,20416,12711039
2020,4,IN,119,24399,15881959
2020,4,JM,3,485,233689
2020,4,KE,27,5941,3199392
2020,4,LK,11,2041,1407388
2020,4,MY,26,5704,3869997
2020,4,NG,55,12091,6771684
2020,4,NZ,33,7359,5957872
2020,4,PH,36,6009,3557598
2020,4,PK,27,4908,2819143
2020,4,SG,41,8363,5206497
2020,4,TZ,5,859,626838
2020,4,UK,1,1,1785
2020,4,US,2875,138174,75357921
2020,4,ZA,61,14062,8802393
2020,5,AU,101,17361,12645104
2020,5,BD,6,1543,1290859
2020,5,CA,118,21060,16877997
2020,5,GB,178,29023,21767699
2020,5,GH,16,2551,1455298
2020,5,HK,11,2095,1637401
2020,5,IE,111,22078,15141085
2020,5,IN,124,22844,15696124
2020,5,JM,3,675,349646
2020,5,KE,26,5578,3174806
2020,5,LK,10,1957,1408959
2020,5,MY,28,5596,3659270
2020,5,NG,60,13518,8258588
2020,5,NZ,34,7090,5803064
2020,5,PH,32,5729,3736494
2020,5,PK,25,5708,3246748
2020,5,SG,44,8546,6019506
2020,5,TZ,5,832,638163
2020,5,UK,1,4,1337
2020,5,US,2800,148156,90213532
2020,5,ZA,64,14230,9018617
2020,6,AU,85,22848,17411986
2020,6,BD,6,1444,1036203
2020,6,CA,108,30704,26268412
2020,6,GB,122,37396,28305731
2020,6,GH,11,3164,1921410
2020,6,HK,8,2307,1776458
2020,6,IE,99,24368,16261553
2020,6,IN,92,28597,20052047
2020,6,JM,3,837,440180
2020,6,KE,22,6221,3652245
2020,6,LK,9,2562,2041103
2020,6,MY,22,5892,3238833
2020,6,NG,49,13696,9406508
2020,6,NZ,32,8256,7133622
2020,6,PH,25,7314,4678982
2020,6,PK,22,5978,3584052
2020,6,SG,35,9256,7166353
2020,6,TZ,3,1056,823528
2020,6,UK,1,6,4867
2020,6,US,1066,215396,159333070
2020,6,ZA,62,18068,11958277
2020,7,AU,84,23640,17757943
2020,7,BD,6,1863,1406711
2020,7,CA,106,32883,26920768
2020,7,GB,134,35865,26533785
2020,7,GH,14,3230,1851721
2020,7,HK,8,2241,1671485
2020,7,IE,101,24963,16137277
2020,7,IN,98,28080,19807453
2020,7,JM,3,786,425707
2020,7,KE,23,6083,3708855
2020,7,LK,9,2389,1776746
2020,7,MY,23,5449,3493377
2020,7,NG,51,15778,10503985
2020,7,NZ,33,8228,6958164
2020,7,PH,27,7748,5237746
2020,7,PK,21,7029,4377084
2020,7,SG,36,8817,6664713
2020,7,TZ,3,1067,782755
2020,7,UK,1,4,1615
2020,7,US,1562,210961,145057289
2020,7,ZA,61,16713,10844846
2020,8,AU,87,19986,13747980
2020,8,BD,6,1405,961788
2020,8,CA,107,18986,14716541
2020,8,GB,140,33446,25602788
2020,8,GH,12,2784,1617546
2020,8,HK,8,1915,1546564
2020,8,IE,98,22253,15280437
2020,8,IN,108,23054,15285526
2020,8,JM,3,533,256630
2020,8,KE,22,5021,3104167
2020,8,LK,10,2088,1530349
2020,8,MY,23,5876,3870474
2020,8,NG,54,12187,7679614
2020,8,NZ,33,7163,5878017
2020,8,PH,27,6611,3840881
2020,8,PK,22,5705,3126675
2020,8,SG,38,8256,5688167
2020,8,TZ,3,673,464617
2020,8,US,1663,178367,119895981
2020,8,ZA,63,13835,8734340
2020,9,AU,91,15622,10311978
2020,9,BD,6,1207,810600
2020,9,CA,110,18886,14713851
2020,9,GB,142,30289,21562639
2020,9,GH,10,2385,1211780
2020,9,HK,8,1844,1322024
2020,9,IE,97,17310,11373260
2020,9,IN,112,19834,13233365
2020,9,JM,3,388,162957
2020,9,KE,23,3845,2096750
2020,9,LK,10,2194,1461693
2020,9,MY,24,5262,3291981
2020,9,NG,50,12025,7819847
2020,9,NZ,32,5883,4692594
2020,9,PH,27,5102,3037543
2020,9,PK,22,5667,2739427
2020,9,SG,36,7347,4938842
2020,9,TZ,3,597,411738
2020,9,UK,1,2,674
2020,9,US,1728,150080,104792764
2020,9,ZA,61,11272,6872570
